nome,s-1,s-2,s-3,s-4,s-5,s-6,s-7,s-8,s-9,s-10,s-11,s-12,s-13,s-14,s-15,s-16,s-17,s-18,s-19,s-20,s-21,s-22,s-23,s-24,s-25
Bulbasaur,2,0,6,2,5,5,4,5,9,2,9,7,8,10,0,10,5,9,3,10,2,8,2,4,6
Ivysaur,2,1,4,9,9,8,5,5,5,6,10,1,8,5,4,9,10,10,6,5,0,1,4,3,7
Venusaur,0,6,0,3,7,10,3,4,10,9,2,0,4,1,7,6,6,7,8,0,4,1,5,8,6
Mega Venusaur,0,5,8,6,10,4,0,7,8,2,9,10,5,5,4,0,2,8,10,4,9,4,9,7,3
Charmander,6,2,4,5,10,1,5,3,10,2,1,0,9,3,0,6,8,0,10,5,9,6,3,4,7
Charmeleon,1,4,6,8,10,2,0,3,10,6,9,4,0,7,0,4,7,6,2,1,8,8,0,8,10
Charizard,0,2,4,3,10,0,4,7,10,4,4,3,10,3,5,6,9,9,7,4,2,6,1,9,7
Mega Charizard X,5,7,1,3,0,0,6,10,10,10,4,9,4,1,2,10,5,1,4,7,3,3,10,1,3
Mega Charizard Y,5,7,10,4,5,3,1,10,9,10,0,7,0,8,10,6,1,5,9,4,0,3,7,2,7
Squirtle,0,8,0,10,8,8,0,7,9,5,7,8,0,7,9,1,7,2,0,9,4,0,1,7,5
Wartortle,1,1,8,6,3,8,10,1,0,0,3,5,8,1,1,2,8,5,7,10,1,10,2,0,10
Blastoise,5,1,6,9,1,3,6,7,4,3,6,6,6,1,7,5,3,10,8,7,9,1,10,0,10
]Mega Blastoise,4,8,7,9,5,0,4,1,1,7,8,5,4,0,8,4,10,10,6,0,1,0,2,0,1
Caterpie,10,4,6,6,6,4,7,0,10,4,0,10,4,1,7,3,8,3,4,4,0,1,0,3,7
Metapod,7,2,8,0,6,1,3,1,2,2,1,3,7,1,5,4,6,2,0,6,3,4,3,9,0
Butterfree,9,7,7,9,7,9,6,9,6,5,2,3,6,0,6,10,9,4,1,7,1,5,2,7,8
Weedle,10,5,7,1,8,7,10,3,1,0,6,5,4,3,7,3,4,0,5,7,7,7,3,3,8
Kakuna,6,7,2,7,2,4,8,9,9,7,4,6,6,9,5,3,1,2,4,6,10,1,1,4,10
Beedrill,5,4,4,6,3,0,3,0,9,8,5,4,4,9,10,1,3,10,7,8,9,7,5,4,10
]Mega Beedrill,7,5,10,10,4,9,4,0,6,6,8,3,0,4,7,10,10,3,3,0,1,7,4,7,0
Pidgey,4,4,10,1,8,9,10,7,2,0,5,7,7,2,8,10,6,9,1,3,5,0,8,0,1
Pidgeotto,8,5,6,5,2,6,10,8,3,10,0,2,5,3,1,7,10,9,4,6,0,5,2,5,2
Pidgeot,10,10,2,6,8,9,1,0,3,4,8,10,1,2,4,1,5,0,8,3,5,2,7,8,5
Mega Pidgeot,2,8,3,10,3,2,4,4,4,5,3,0,6,6,6,9,4,6,4,10,0,6,6,0,6
Rattata,5,8,9,2,3,1,0,1,10,6,0,0,4,2,4,0,4,1,6,3,9,10,1,3,5
Raticate,8,3,9,10,7,4,1,9,7,9,1,2,9,2,7,0,3,10,5,3,2,7,1,3,6
Spearow,5,0,4,3,10,10,8,1,0,6,2,10,4,8,2,2,1,1,2,0,7,10,8,4,6
Fearow,5,0,7,2,2,3,3,1,7,8,4,2,10,1,0,7,6,4,7,5,6,10,2,3,7
Ekans,1,3,1,9,0,10,5,4,0,9,9,6,2,1,6,10,4,5,8,5,8,5,6,5,3
Arbok,5,3,1,6,4,4,8,6,3,9,0,1,2,7,9,5,2,9,8,5,8,0,5,7,9
Pikachu,10,3,8,0,9,6,8,7,1,6,0,8,3,7,8,8,4,9,2,4,2,10,6,5,0
Raichu,7,10,10,10,9,9,4,7,2,5,9,8,4,1,4,1,5,10,1,8,2,9,5,3,3
Sandshrew,5,8,0,3,4,1,10,8,5,9,5,10,8,3,3,0,10,0,2,0,6,1,3,9,7
Sandslash,2,1,4,2,4,10,10,5,7,5,5,2,4,5,7,0,0,8,1,1,2,7,5,8,10
Nidoran_f,6,2,10,1,7,6,9,5,0,4,2,3,8,7,9,2,8,3,10,2,8,2,2,8,5
Nidorina,1,6,7,0,0,2,6,6,7,0,7,7,9,5,10,8,3,4,10,0,7,7,8,4,1
Nidoqueen,3,10,0,8,9,5,7,5,1,0,8,4,9,7,10,1,1,9,1,5,1,8,7,8,8
Nidoran_m,3,9,4,5,9,10,7,4,3,0,7,3,7,7,9,7,8,3,9,5,6,3,3,2,9
Nidorino,2,1,0,6,1,4,8,6,5,0,10,8,6,10,4,0,5,7,7,9,6,0,7,9,4
Nidoking,8,2,4,8,8,8,5,5,8,0,5,6,1,5,8,7,2,9,3,5,1,6,2,0,7
Clefairy,2,9,0,4,1,5,10,7,2,5,9,9,5,7,4,8,2,5,4,9,2,6,1,7,5
Clefable,3,0,7,4,10,4,1,10,0,4,7,1,10,0,9,7,4,1,8,8,2,4,0,8,8
Vulpix,2,4,4,8,2,0,7,4,4,5,0,9,8,6,8,10,9,6,1,4,8,9,2,3,10
Ninetales,6,5,0,3,4,6,4,4,3,5,3,8,6,4,3,3,0,1,7,3,7,6,4,1,3
Jigglypuff,1,8,7,9,5,5,2,10,10,7,3,3,1,4,7,6,9,4,3,8,8,5,2,10,10
Wigglytuff,10,3,7,1,9,6,2,3,6,10,9,6,1,2,6,7,10,6,1,1,0,8,8,10,2
Zubat,6,4,8,2,3,10,10,3,1,8,7,2,6,7,0,7,5,8,8,10,10,1,2,4,0
Golbat,3,2,2,7,1,1,4,3,1,0,10,8,6,5,5,4,9,1,1,0,6,8,9,10,8
Oddish,5,5,10,1,7,6,5,5,3,3,5,4,10,4,10,1,2,4,5,5,10,7,7,10,4
Gloom,8,9,7,10,7,3,7,9,0,5,6,6,1,9,7,1,3,8,8,0,5,5,9,3,4
Vileplume,6,3,1,6,7,5,6,6,3,4,9,0,4,6,5,10,2,6,7,3,10,9,4,7,6
Paras,6,8,10,9,10,1,10,1,6,9,2,5,4,6,4,8,9,2,10,3,6,7,10,0,5
Parasect,9,10,7,9,3,2,8,2,7,4,9,6,2,3,0,2,10,8,3,2,5,10,9,8,7
Venonat,0,6,2,6,5,5,5,9,3,1,7,9,8,5,4,10,3,6,6,8,4,10,1,6,9
Venomoth,3,0,5,4,6,9,3,9,1,9,8,5,4,5,3,10,0,4,1,7,10,9,0,6,3
Diglett,7,7,1,7,3,7,7,0,9,2,6,3,5,2,8,10,5,5,2,9,3,3,2,1,2
Dugtrio,2,8,0,7,0,10,3,1,9,6,2,4,1,3,10,10,0,7,5,6,10,2,1,9,6
Meowth,8,6,10,5,10,10,5,3,4,8,3,2,8,7,6,4,8,7,3,9,8,2,6,10,4
Persian,5,5,7,3,4,5,5,2,3,8,8,4,5,9,6,0,6,2,0,2,1,4,8,2,5
Psyduck,0,3,5,7,1,0,2,0,7,2,10,3,5,9,9,3,2,9,1,9,3,10,5,0,1
Golduck,2,3,7,8,6,0,6,4,7,4,0,6,3,6,5,1,10,10,3,3,10,3,10,10,5
Mankey,1,7,2,6,8,5,7,1,5,0,8,7,9,5,1,5,10,2,2,3,3,0,10,9,8
Primeape,9,9,9,0,1,9,1,7,4,3,7,6,2,2,7,8,8,2,9,6,3,5,9,3,6
Growlithe,0,6,7,2,6,8,5,9,3,8,7,7,4,9,3,0,3,6,10,10,6,2,8,0,8
Arcanine,1,10,5,8,8,2,4,5,2,7,2,5,2,5,2,7,9,8,1,9,2,1,10,8,2
Poliwag,8,0,7,5,1,3,1,9,8,2,0,3,10,7,4,4,10,0,6,9,8,2,5,8,1
Poliwhirl,2,9,8,3,5,5,0,5,6,9,4,4,7,3,10,4,1,7,2,2,5,10,6,8,0
Poliwrath,9,7,7,10,4,9,2,8,6,9,8,3,5,4,9,6,9,6,0,1,1,10,6,2,4
Abra,3,2,5,2,8,2,5,5,4,0,2,4,0,5,4,3,7,8,4,6,3,6,2,9,10
Kadabra,9,6,8,8,6,9,2,6,8,10,8,3,4,10,7,3,1,0,1,10,0,3,10,0,2
Alakazam,4,0,6,7,7,4,6,9,8,1,6,8,4,6,0,7,9,6,9,7,3,9,0,6,6
Mega Alakazam,3,4,1,3,7,7,6,5,5,3,1,8,9,2,10,7,2,0,10,7,1,4,0,5,1
Machop,5,9,3,4,2,1,0,1,3,8,1,2,4,2,9,7,8,1,1,2,7,3,8,8,8
Machoke,5,8,8,10,1,4,4,8,8,7,1,9,10,9,7,6,4,7,1,6,8,10,8,4,2
Machamp,9,5,1,8,4,7,2,2,8,5,4,8,3,2,4,8,0,7,2,8,9,4,3,5,7
Bellsprout,6,10,2,10,2,9,8,2,5,5,5,1,3,10,3,6,3,5,0,7,3,2,0,10,4
Weepinbell,5,1,1,3,8,3,8,3,2,1,8,9,4,8,4,4,7,0,6,3,5,9,4,1,8
Victreebel,0,1,10,5,4,3,1,4,8,9,3,10,4,4,4,0,6,4,2,1,5,0,1,4,6
Tentacool,9,4,5,3,0,5,7,4,10,4,10,6,10,8,9,9,0,10,2,7,6,1,9,5,2
Tentacruel,9,4,1,8,10,0,4,10,9,7,0,8,10,3,1,1,10,2,5,1,1,2,6,0,8
Geodude,4,6,2,7,3,0,8,4,4,0,8,4,6,9,1,5,2,6,0,5,8,9,9,0,8
Graveler,5,7,0,7,7,8,9,9,1,2,1,7,10,6,0,9,0,9,1,2,3,5,2,10,6
Golem,1,7,6,0,9,9,1,4,2,2,5,7,10,3,9,2,2,5,3,4,10,4,8,3,8
Ponyta,7,0,0,4,9,6,3,8,9,1,7,6,1,7,3,7,9,7,4,9,10,5,9,10,2
Rapidash,2,1,4,3,4,5,2,5,2,2,0,10,3,1,1,7,4,2,2,9,9,3,1,8,0
Slowpoke,10,8,9,8,4,8,2,0,8,6,8,6,5,0,9,6,5,10,10,0,9,6,10,2,3
Slowbro,7,3,3,5,5,7,5,3,7,3,0,7,4,4,6,5,7,2,6,2,2,2,5,7,9
Mega Slowbro,5,0,1,3,7,1,1,4,10,6,2,6,10,9,4,3,2,2,2,5,5,5,8,8,7
Magnemite,8,1,0,7,6,4,4,0,3,3,1,6,0,6,10,7,1,4,5,9,3,4,5,3,7
Magneton,8,0,10,6,7,1,9,3,8,9,3,5,3,2,10,3,5,9,9,9,9,2,7,6,6
Farfetch'd,4,4,0,4,0,6,2,5,8,5,10,6,8,6,6,2,8,8,2,5,10,4,3,1,5
Doduo,1,10,0,5,9,10,10,10,9,6,10,10,1,1,3,8,10,10,5,0,6,5,7,4,6
Dodrio,0,7,7,10,3,0,7,1,4,8,1,5,6,9,6,2,9,2,10,1,3,6,7,3,10
Seel,0,8,7,3,6,10,8,9,7,3,6,9,0,10,2,5,10,0,3,2,2,1,7,10,9
Dewgong,4,10,2,0,10,3,6,2,1,3,7,0,9,0,5,1,9,7,10,1,6,6,5,0,4
Grimer,0,10,9,4,1,6,3,9,7,7,9,0,10,10,10,9,4,3,5,3,5,1,2,6,6
Muk,9,5,9,5,5,10,7,7,1,5,8,9,9,6,1,1,8,4,3,3,7,1,6,1,1
Shellder,1,9,1,4,1,8,1,3,10,6,6,0,0,7,1,4,2,4,10,6,2,5,2,6,1
Cloyster,9,9,7,5,7,0,10,10,8,10,1,0,6,3,9,0,6,2,2,8,0,2,6,6,1
Gastly,6,1,2,0,9,1,1,1,0,10,0,8,2,1,3,1,8,2,2,10,6,4,10,0,6
Haunter,4,6,2,1,7,3,6,2,1,0,6,2,5,0,3,8,3,9,7,5,7,0,4,6,10
Gengar,0,3,5,6,2,0,3,10,10,9,5,8,10,10,7,8,4,2,6,9,1,8,9,8,2
Mega Gengar,1,4,4,3,10,1,10,0,2,4,4,4,3,9,2,3,3,1,5,6,8,5,7,10,1
Onix,3,0,2,2,2,10,0,7,0,9,6,4,5,7,0,3,7,8,4,4,3,10,9,0,9
Drowzee,0,5,10,5,7,2,10,1,1,3,7,6,8,10,10,10,5,7,2,3,9,5,10,8,5
Hypno,1,5,9,3,9,3,1,2,2,6,1,3,3,0,3,9,10,10,9,1,0,1,8,1,6
Krabby,3,9,7,6,10,2,4,9,6,0,4,2,10,1,0,6,7,2,10,5,7,9,8,8,4
Kingler,1,3,0,2,9,8,6,6,7,1,10,5,3,5,0,7,0,7,10,3,0,9,2,7,2
Voltorb,4,4,5,7,0,0,9,9,8,1,0,1,2,10,1,8,0,3,3,7,8,1,5,3,6
Electrode,5,6,5,2,4,1,9,6,9,3,5,0,2,9,10,9,9,3,3,9,3,2,10,9,5
Exeggcute,1,2,2,6,4,9,0,9,0,6,6,4,1,4,8,5,7,5,2,2,3,0,1,8,0
Exeggutor,4,4,4,3,7,0,1,9,1,4,2,4,7,1,4,4,1,5,0,2,3,3,2,0,10
Cubone,1,2,10,7,10,2,7,9,5,2,9,6,5,4,6,8,6,1,6,10,9,4,4,0,2
Marowak,3,5,0,7,1,10,3,2,8,4,1,1,10,1,8,1,7,5,2,4,2,5,3,4,7
Hitmonlee,6,6,9,8,8,7,3,0,0,3,1,5,8,3,0,0,10,7,8,5,5,10,9,0,8
Hitmonchan,1,10,0,8,5,4,0,6,7,3,2,10,0,6,10,0,5,8,10,9,10,7,1,5,9
Lickitung,1,6,5,6,6,6,6,2,1,4,4,10,3,1,9,5,6,0,10,4,8,0,2,5,5
Koffing,2,1,8,0,1,10,4,6,9,1,5,8,2,9,7,6,1,0,3,5,0,7,3,7,3
Weezing,8,7,10,1,6,9,2,1,0,5,8,9,9,6,8,4,6,6,7,0,6,1,9,7,1
Rhyhorn,9,10,8,10,2,6,8,2,7,10,0,2,8,7,10,4,8,3,2,1,10,4,0,2,9
Rhydon,2,4,9,4,2,6,1,5,4,6,7,2,7,0,6,4,1,3,2,1,3,3,8,4,2
Chansey,2,9,8,7,8,0,2,0,10,2,4,0,8,4,5,9,9,3,3,6,9,1,6,7,4
Tangela,7,1,7,1,8,0,10,3,8,2,5,5,4,10,7,8,8,10,8,7,8,2,3,0,2
Kangaskhan,10,1,2,0,0,2,2,9,1,9,0,9,6,4,7,0,6,4,10,8,3,4,10,2,1
Mega Kangaskhan,4,0,1,0,1,2,3,10,9,4,0,1,0,10,5,5,5,3,7,6,10,3,4,2,9
Horsea,10,8,7,8,8,6,4,5,7,0,3,3,10,5,9,8,0,3,1,2,7,8,1,6,7
Seadra,3,7,8,2,3,5,5,6,5,6,0,7,1,2,1,1,8,1,9,1,1,8,2,3,6
Goldeen,10,0,7,1,7,6,6,10,2,1,5,1,3,9,2,8,0,7,0,0,9,1,3,10,5
Seaking,2,7,1,9,1,5,3,4,4,10,3,1,8,8,2,1,1,1,1,2,2,7,9,8,7
Staryu,10,5,4,3,4,1,2,6,9,8,6,9,0,10,3,7,7,1,9,9,10,9,3,7,4
Starmie,10,0,2,2,2,3,10,5,6,1,6,2,0,2,4,10,8,7,1,4,2,9,0,4,3
Mr. Mime,0,3,9,7,4,1,10,10,4,3,1,2,6,1,8,5,7,1,0,8,5,6,0,1,3
Scyther,2,10,9,3,9,8,10,5,10,8,1,6,8,9,10,7,3,1,6,9,10,9,4,4,3
Jynx,1,9,10,3,4,3,4,5,10,5,7,10,10,8,9,6,3,9,5,10,9,2,9,3,8
Electabuzz,5,3,9,4,0,9,1,7,6,1,0,5,4,4,0,10,4,10,2,5,5,10,0,10,4
Magmar,5,10,9,6,5,4,5,1,6,10,6,1,6,10,7,4,0,1,2,2,3,0,6,3,4
Pinsir,0,10,6,7,7,1,8,8,3,1,10,9,3,6,8,9,8,1,5,1,1,4,6,9,6
Mega Pinsir,4,9,1,6,0,2,0,7,0,7,2,6,3,5,4,10,10,5,7,5,3,0,0,7,7
Tauros,2,1,2,8,2,3,6,8,7,1,0,10,1,1,0,6,6,3,0,8,9,1,9,2,9
Magikarp,7,6,8,5,10,4,1,10,5,0,4,0,10,7,8,5,2,2,7,3,3,1,6,8,2
Gyarados,3,7,5,5,1,0,10,9,1,4,6,9,3,7,7,5,10,7,4,10,2,5,0,0,0
Mega Gyarados,7,3,7,10,0,0,5,2,2,0,8,2,7,10,5,5,2,8,9,6,4,10,8,5,3
Lapras,0,2,3,10,1,10,10,10,6,1,2,2,7,9,10,9,3,4,0,8,9,9,6,0,3
Ditto,9,0,2,9,6,5,4,10,3,7,10,0,5,4,10,2,10,4,2,10,10,10,5,4,8
Eevee,7,8,0,7,2,1,10,7,10,1,3,4,0,1,3,5,5,4,9,1,9,8,7,6,2
Vaporeon,8,8,9,3,8,1,2,2,8,9,6,10,7,0,8,2,5,1,1,7,5,0,5,1,7
Jolteon,2,10,3,8,0,4,7,0,7,10,1,5,9,10,4,3,3,1,4,4,9,5,10,7,6
Flareon,9,10,4,10,7,5,1,3,8,1,3,2,1,8,3,9,3,10,3,3,10,3,6,10,0
Porygon,2,3,9,10,2,3,0,6,0,1,7,1,9,9,8,2,3,10,10,0,4,4,0,7,4
Omanyte,2,0,2,0,4,6,9,7,7,5,6,8,3,4,1,2,5,2,5,1,7,0,6,3,9
Omastar,3,6,9,1,8,8,8,6,0,3,3,9,6,0,4,1,8,2,6,2,9,0,1,1,7
Kabuto,1,9,4,5,3,1,7,7,2,4,8,1,1,5,1,8,0,7,3,4,0,5,8,10,8
Kabutops,8,9,3,5,9,6,10,9,4,4,3,8,8,1,2,10,5,10,6,10,7,6,7,8,5
Aerodactyl,9,9,8,8,7,9,10,2,5,8,9,5,0,1,10,4,5,8,3,3,8,2,5,0,3
Mega Aerodactyl,0,1,0,8,5,2,4,8,2,3,6,2,2,10,5,6,8,6,2,8,2,0,2,4,10
Snorlax,1,6,4,7,3,4,0,5,1,1,3,8,2,3,2,4,9,9,3,7,9,6,7,9,5
Articuno,10,6,1,1,10,1,7,6,8,4,10,7,3,5,4,3,6,10,4,9,6,4,3,1,8
Zapdos,7,5,5,2,6,5,2,10,0,5,6,6,0,2,6,3,10,4,1,1,4,9,8,2,7
Moltres,2,9,2,3,5,2,3,1,8,8,4,10,7,9,1,0,2,8,0,1,6,7,3,4,7
Dratini,4,9,0,7,1,3,5,9,5,7,5,0,4,1,10,7,9,3,3,3,5,1,3,7,5
Dragonair,0,0,5,1,4,4,10,1,10,1,2,8,0,5,1,3,6,5,9,7,9,5,1,7,3
Dragonite,9,3,0,5,10,0,1,7,10,1,4,7,7,2,6,5,7,5,8,2,5,6,4,8,7
Mewtwo,8,6,3,2,10,8,5,7,0,6,1,8,1,10,5,6,4,7,2,10,0,1,1,5,7
Mega Mewtwo X,9,7,9,8,7,4,1,4,3,9,7,7,1,10,2,10,5,4,2,8,3,2,3,4,4
Mega Mewtwo Y,4,3,0,1,5,0,1,10,9,0,7,10,5,0,3,2,4,2,0,3,2,0,2,7,7
Mew,4,8,8,10,4,1,6,0,7,5,2,8,4,10,10,8,10,10,4,4,5,1,10,5,6
Chikorita,9,4,1,3,2,5,9,8,9,8,9,6,3,7,3,4,3,5,5,5,9,6,3,1,1
Bayleef,2,7,8,3,1,8,8,10,7,6,4,4,7,3,4,0,0,3,10,5,9,2,7,6,6
Meganium,2,10,5,9,6,3,10,1,5,1,7,10,2,6,1,7,6,10,5,2,1,3,1,1,2
Cyndaquil,8,5,8,8,4,3,5,3,6,4,9,2,4,4,2,6,9,3,0,6,10,3,5,1,2
Quilava,10,0,10,6,9,6,7,2,5,1,9,7,3,3,1,3,3,10,8,8,8,7,3,3,1
Typhlosion,4,8,1,1,2,7,2,2,5,1,2,0,6,9,1,6,3,1,1,5,1,9,9,4,4
Totodile,7,8,8,3,1,6,3,8,7,2,7,10,7,0,6,7,10,5,0,0,0,7,2,3,2
Croconaw,10,6,6,10,3,5,8,1,9,0,6,10,6,8,8,9,8,8,2,10,8,5,8,6,1
Feraligatr,2,8,8,9,5,1,3,7,10,10,0,4,2,3,0,8,3,1,0,2,7,10,1,2,2
Sentret,1,2,7,10,1,0,1,8,7,7,3,0,6,2,8,6,7,9,10,7,5,8,6,9,5
Furret,0,0,2,1,5,9,3,8,3,10,7,8,8,0,4,4,7,8,4,5,6,2,1,5,5
Hoothoot,1,2,10,8,0,10,9,4,1,7,3,4,7,0,3,6,1,8,9,9,2,10,8,3,1
Noctowl,7,9,3,5,10,4,8,1,9,10,4,10,8,1,9,10,9,0,5,4,6,8,2,3,6
Ledyba,8,10,7,8,7,2,1,2,1,4,6,5,3,1,3,5,2,7,2,5,8,4,9,2,0
Ledian,10,10,1,9,8,1,9,6,1,4,9,9,8,7,8,5,6,6,0,9,6,2,7,0,6
Spinarak,7,7,0,9,6,7,2,7,2,3,0,5,10,2,3,10,6,0,9,1,3,0,9,7,9
Ariados,3,4,3,8,2,4,7,9,5,2,3,6,2,10,1,10,9,5,8,9,4,5,6,6,5
Crobat,1,10,10,8,0,10,3,1,0,4,10,4,10,0,0,6,4,0,1,9,7,9,3,0,1
Chinchou,4,7,0,9,5,6,6,9,2,10,4,5,4,2,8,4,8,6,7,8,6,8,5,3,0
Lanturn,0,5,5,4,2,4,10,4,4,2,2,9,6,9,5,1,2,5,4,0,3,9,5,10,6
Pichu,10,5,0,10,4,2,10,0,9,2,10,3,9,0,10,2,4,10,4,0,4,9,3,9,8
Cleffa,4,6,7,5,6,3,0,1,1,1,7,1,0,4,6,7,6,7,9,4,8,3,4,2,3
Igglybuff,6,6,1,1,0,0,9,7,9,0,2,5,0,9,5,6,10,2,4,10,1,3,7,9,3
Togepi,8,0,0,1,3,10,4,4,9,6,9,1,2,2,0,9,5,8,5,7,1,8,8,3,2
Togetic,4,1,10,2,4,10,1,5,2,0,6,3,0,1,8,10,10,3,7,7,3,0,4,7,0
Natu,7,0,2,10,8,6,7,4,1,2,7,8,3,8,3,4,5,10,10,8,6,0,1,6,4
Xatu,8,3,5,0,4,8,5,6,4,1,10,10,3,1,8,9,10,3,0,2,3,9,2,7,3
Mareep,5,0,1,9,7,5,2,6,9,4,3,6,8,6,6,5,6,8,9,0,7,0,10,3,9
Flaaffy,6,6,9,6,4,4,7,7,8,8,10,10,4,0,1,8,3,0,7,1,7,7,5,2,0
Ampharos,8,4,6,9,3,2,9,0,9,5,6,10,3,2,5,6,8,6,6,4,2,7,6,4,3
Mega Ampharos,5,0,2,0,7,0,5,10,4,0,5,2,9,2,0,5,3,8,1,1,5,4,5,6,3
Bellossom,2,8,7,6,1,6,1,2,3,7,5,2,9,8,6,5,2,9,6,6,6,6,5,3,4
Marill,10,8,1,4,0,10,1,10,7,0,6,6,9,7,10,4,8,5,4,9,4,9,9,5,8
Azumarill,1,9,0,2,9,2,10,3,3,8,1,5,8,6,6,4,0,3,10,2,9,4,7,5,1
Sudowoodo,6,8,8,4,5,5,5,10,7,10,8,6,3,0,1,1,2,7,4,6,1,3,9,9,0
Politoed,1,0,9,7,5,6,3,0,8,7,8,10,4,0,9,3,3,4,6,0,8,3,9,6,1
Hoppip,2,8,0,4,6,5,5,1,2,2,9,5,4,0,1,5,5,7,5,1,10,3,2,3,9
Skiploom,0,3,7,4,1,10,0,7,6,9,1,0,1,1,1,5,2,8,8,8,5,10,6,4,3
Jumpluff,0,6,7,3,0,9,5,2,0,5,8,2,1,3,3,0,3,1,6,0,10,7,7,0,6
Aipom,6,10,9,3,3,8,9,3,9,1,6,10,1,9,4,9,1,7,7,4,1,6,1,2,10
Sunkern,3,0,0,3,5,7,10,2,8,2,8,9,7,1,3,4,4,9,3,1,7,1,5,6,1
Sunflora,3,0,7,4,4,5,0,6,6,1,7,0,2,2,1,4,9,2,9,5,4,4,4,0,4
Yanma,7,9,7,2,1,7,8,3,0,6,4,10,4,0,3,8,0,7,1,8,2,1,6,6,8
Wooper,10,4,7,8,10,1,9,7,5,3,9,7,4,7,1,7,0,10,4,6,9,9,3,4,7
Quagsire,8,8,10,7,4,10,10,5,5,5,0,7,8,3,9,3,3,8,7,7,8,2,8,2,2
Espeon,8,6,6,2,6,6,2,7,3,8,8,9,6,5,10,8,7,9,4,5,6,3,2,2,1
Umbreon,7,0,5,10,0,3,7,0,3,3,6,6,2,1,6,1,9,9,4,4,8,0,1,6,4
Murkrow,1,8,3,1,9,9,5,7,1,2,5,6,8,9,4,9,8,3,6,9,2,1,0,7,7
Slowking,4,4,6,6,5,8,1,7,8,1,3,6,1,4,1,9,9,4,2,8,0,0,3,6,4
Misdreavus,9,1,0,10,8,4,4,8,0,1,8,0,9,2,7,9,10,2,2,5,9,0,7,2,8
Unown,7,1,3,7,8,4,8,4,3,3,8,3,0,1,8,5,3,9,10,5,3,10,8,3,4
Wobbuffet,6,0,6,10,9,3,3,4,0,4,8,5,8,10,10,10,9,2,1,4,0,2,10,3,3
Girafarig,10,6,6,9,1,7,3,9,7,0,5,3,1,2,4,0,3,8,3,3,7,0,4,6,6
Pineco,3,10,5,4,4,1,9,1,0,7,3,2,0,9,9,9,7,5,4,6,10,5,6,10,9
Forretress,1,1,5,10,7,3,0,6,4,1,2,8,1,2,10,7,1,6,0,4,7,6,9,4,3
Dunsparce,1,8,8,6,4,6,3,7,9,4,3,1,9,3,3,7,9,0,3,4,10,8,7,4,1
Gligar,7,3,3,2,8,1,9,5,1,2,0,4,2,3,5,5,7,10,0,9,8,2,3,1,4
Steelix,7,9,2,3,0,10,1,8,2,6,3,3,1,1,9,8,3,9,4,8,2,1,7,1,6
Mega Steelix,10,2,2,6,8,7,10,0,0,7,6,0,1,9,5,9,7,9,3,2,0,7,9,5,3
Snubbull,9,10,5,6,4,9,4,2,6,6,6,8,9,9,4,7,0,0,1,4,5,9,6,2,8
Granbull,10,4,1,3,2,10,8,8,7,9,2,4,10,4,6,7,6,1,0,6,4,5,2,7,2
Qwilfish,7,10,6,9,5,9,0,8,3,3,1,3,2,3,4,7,1,2,7,6,10,10,3,9,2
Scizor,10,8,0,0,8,5,4,7,0,1,4,9,9,6,2,2,6,7,4,3,8,0,7,1,2
Mega Scizor,4,1,10,10,5,1,6,4,3,7,0,1,2,7,9,9,5,4,0,1,0,4,5,2,7
Shuckle,10,3,0,4,2,3,7,4,9,7,7,3,9,5,1,2,7,6,2,5,6,5,10,9,6
Heracross,2,6,6,4,4,5,0,3,4,9,9,3,3,1,4,4,6,1,1,2,5,4,0,4,6
Mega Heracross,8,5,2,5,9,6,4,3,10,1,3,0,8,0,5,1,2,4,6,2,8,8,10,1,10
Sneasel,8,3,1,2,10,6,4,6,6,8,6,10,3,0,8,1,8,0,9,7,7,2,4,1,7
Teddiursa,6,8,0,8,5,1,5,4,0,8,9,6,1,10,0,0,10,0,3,0,1,10,9,5,10
Ursaring,10,2,3,0,5,8,10,1,4,3,3,3,0,1,4,10,0,0,0,5,5,3,5,10,5
Slugma,6,8,10,10,2,9,8,1,7,4,3,0,0,5,10,5,6,9,3,7,2,5,6,0,2
Magcargo,5,7,6,8,2,4,7,0,6,8,2,10,10,2,4,2,3,9,7,4,8,6,3,2,5
Swinub,4,4,7,6,2,2,10,3,4,7,4,10,2,2,9,7,0,4,2,8,5,10,6,2,1
Piloswine,9,0,4,2,10,0,4,10,8,2,6,3,4,8,2,7,8,5,0,6,5,8,2,8,10
Corsola,4,5,10,5,9,6,3,9,2,4,10,1,6,7,0,4,0,9,1,4,7,3,2,6,2
Remoraid,5,1,7,8,10,7,6,2,8,6,8,7,5,4,8,5,4,7,7,6,0,7,7,6,4
Octillery,8,8,8,6,6,4,6,2,9,1,0,0,5,7,8,9,9,6,9,8,6,3,4,9,5
Delibird,9,3,0,0,5,6,7,2,9,5,6,6,6,7,7,1,1,2,4,8,1,9,1,3,7
Mantine,5,4,10,5,8,9,9,9,2,5,3,8,5,7,4,10,7,2,4,9,9,2,1,0,6
Skarmory,1,1,7,10,10,6,3,5,4,1,8,6,2,1,8,7,9,3,10,5,9,6,9,0,10
Houndour,5,10,9,1,3,3,4,3,5,3,0,2,1,9,5,2,10,10,8,8,7,8,2,7,5
Houndoom,3,7,1,0,6,5,10,1,7,5,1,0,10,7,9,0,3,6,5,8,9,1,4,7,8
Mega Houndoom,0,5,10,10,7,9,3,10,0,4,0,7,6,4,1,2,10,0,9,9,1,1,5,8,9
Kingdra,4,6,6,3,7,7,2,5,1,4,7,6,1,1,4,0,7,10,3,3,1,2,8,5,8
Phanpy,5,10,8,10,2,7,9,4,5,9,3,4,5,6,8,10,8,2,8,6,5,10,3,8,7
Donphan,2,5,6,0,8,0,5,2,2,1,8,7,5,3,4,4,2,3,0,1,7,0,3,7,5
Porygon2,3,10,10,9,1,2,4,9,1,6,3,9,0,1,7,7,0,3,2,9,2,10,4,0,9
Stantler,2,1,5,8,3,2,4,5,1,2,7,5,0,9,1,0,1,10,1,8,0,10,1,9,8
Smeargle,10,2,0,3,10,5,0,8,5,9,3,0,10,5,2,6,4,0,6,6,10,7,10,6,3
Tyrogue,1,3,2,7,10,10,9,0,6,4,4,6,3,9,9,5,2,8,6,2,2,1,7,9,7
Hitmontop,2,7,5,10,7,7,10,0,9,6,5,3,2,9,1,4,2,2,6,10,6,10,5,1,4
Smoochum,8,3,2,3,5,6,2,7,3,9,10,4,4,5,1,6,4,5,3,0,7,7,3,4,6
Elekid,0,8,8,8,4,0,1,4,8,6,10,5,0,8,7,4,8,5,0,2,7,6,2,2,10
Magby,10,8,1,4,10,1,3,7,7,5,1,1,10,6,9,5,3,9,3,0,1,1,6,3,0
Miltank,9,6,7,7,8,10,2,0,8,3,7,0,0,3,7,1,8,0,7,2,7,7,7,10,7
Blissey,0,5,10,8,9,8,2,4,3,1,5,9,7,7,7,0,1,2,5,0,2,1,9,6,5
Raikou,3,5,4,9,4,3,1,0,2,8,0,2,9,7,5,6,4,7,0,7,6,7,4,6,2
Entei,0,10,2,5,4,8,9,3,7,7,4,0,0,5,2,7,3,6,8,2,9,5,8,9,7
Suicune,2,1,1,7,3,0,9,7,1,7,0,1,4,3,7,9,10,6,4,9,10,9,0,5,7
Larvitar,5,4,7,5,1,9,3,1,6,5,0,7,5,2,5,6,4,8,4,1,3,9,6,1,2
Pupitar,1,5,8,6,10,1,5,10,1,8,2,5,6,5,3,9,3,1,5,5,1,5,4,5,10
Tyranitar,2,8,6,2,9,4,3,10,5,6,5,0,3,5,2,4,0,3,7,2,1,4,6,10,10
Mega Tyranitar,5,1,2,0,9,9,3,4,10,3,3,0,4,4,3,5,5,10,2,8,3,0,2,1,3
Lugia,5,8,10,4,5,9,9,9,0,8,10,8,2,1,2,8,2,4,8,5,8,3,9,9,7
Ho-oh,2,4,9,1,0,10,9,8,0,8,6,0,7,8,10,1,3,6,4,6,1,3,7,0,6
Celebi,6,1,2,4,6,3,3,8,6,3,2,7,5,6,5,4,4,6,5,2,9,5,3,1,1
Treecko,10,9,3,0,2,1,2,10,0,10,8,1,2,4,8,5,3,10,1,5,2,7,7,5,10
Grovyle,9,2,1,7,9,7,4,2,0,2,8,8,3,3,7,8,9,10,1,7,8,5,2,7,2
Sceptile,1,5,7,4,7,7,1,10,10,7,7,5,1,1,0,10,2,7,4,2,4,9,2,8,9
Mega Sceptile,8,0,9,10,3,4,1,0,10,4,10,3,4,1,1,10,10,6,9,1,7,4,6,4,0
Torchic,7,1,2,5,5,9,2,8,4,10,6,0,3,0,5,1,2,3,6,4,8,8,0,1,3
Combusken,10,4,0,3,2,3,9,0,4,4,4,6,0,6,7,4,2,8,7,10,10,4,6,9,6
Blaziken,2,5,6,2,5,5,0,7,2,2,1,1,6,2,4,6,0,3,6,3,9,7,5,10,7
Mega Blaziken,6,8,8,1,1,2,7,10,2,2,10,9,5,8,1,9,4,3,8,8,2,2,8,10,4
Mudkip,8,3,1,2,6,3,5,6,1,6,8,2,0,6,2,3,2,8,0,1,6,1,9,4,10
Marshtomp,1,1,10,7,2,6,1,2,2,5,10,5,10,6,5,3,10,2,9,4,1,9,10,2,9
Swampert,0,9,0,2,2,1,0,7,10,3,3,0,4,4,4,5,10,6,2,9,4,10,2,9,7
Mega Swampert,9,4,8,9,5,2,2,3,0,0,4,1,7,4,8,10,9,2,4,1,0,4,5,2,7
Poochyena,1,2,4,5,7,1,8,6,6,1,10,0,8,10,10,0,1,3,5,2,2,9,7,1,4
Mightyena,7,9,3,3,7,7,9,0,7,7,9,7,8,3,7,9,6,2,8,3,9,7,0,9,8
Zigzagoon,8,5,3,7,7,0,1,5,9,5,5,8,1,4,7,7,8,3,3,6,10,6,10,10,9
Linoone,7,8,6,0,3,5,3,2,0,10,7,10,7,9,9,0,9,3,4,9,1,5,6,5,2
Wurmple,5,5,9,6,3,1,7,7,8,9,0,2,6,10,2,2,7,9,10,0,6,7,6,2,9
Silcoon,3,0,1,9,1,10,8,2,2,3,10,2,1,0,10,10,6,7,8,10,8,6,3,8,7
Beautifly,0,0,3,10,2,3,1,0,0,0,7,5,6,2,1,1,8,3,6,7,2,1,8,3,6
Cascoon,2,4,2,9,4,8,9,5,6,2,6,3,10,5,5,10,3,3,10,8,6,10,2,8,3
Dustox,0,6,7,5,2,7,5,10,8,5,1,5,8,10,10,4,3,10,4,10,5,7,1,6,10
Lotad,7,1,3,7,3,0,2,2,8,2,6,4,4,5,2,10,3,8,0,6,5,2,0,5,10
Lombre,9,3,6,5,9,4,7,10,10,0,1,6,9,10,8,2,4,6,3,2,3,8,3,6,2
Ludicolo,10,8,9,2,9,1,0,1,3,6,9,4,2,7,9,0,0,4,6,8,5,0,6,4,7
Seedot,4,0,9,8,3,10,5,4,2,0,10,10,10,10,9,10,2,0,3,3,10,1,3,5,3
Nuzleaf,4,6,2,6,6,7,9,1,6,3,2,5,9,8,2,4,8,4,6,2,0,9,10,6,3
Shiftry,0,3,10,9,9,8,1,1,3,0,10,2,4,0,9,0,10,8,3,6,7,6,6,6,5
Taillow,8,1,6,7,3,2,2,6,3,9,0,2,2,2,7,5,8,8,8,8,2,6,1,1,5
Swellow,5,1,5,0,2,2,7,3,9,5,10,8,5,4,7,3,1,0,7,10,4,10,2,10,3
Wingull,2,6,2,9,8,5,8,7,3,5,6,6,9,9,4,0,0,0,6,6,2,3,9,9,9
Pelipper,5,8,10,7,6,5,3,9,1,0,0,4,0,4,7,3,5,0,3,3,8,8,7,3,6
Ralts,8,9,5,3,9,10,9,8,6,10,4,5,9,1,4,1,5,5,1,8,3,3,10,4,5
Kirlia,0,2,9,1,8,8,8,5,0,2,5,6,7,5,2,6,2,8,2,9,5,2,7,7,4
Gardevoir,8,9,3,0,7,3,1,7,5,1,2,10,9,4,9,0,1,9,1,9,8,0,5,9,0
Mega Gardevoir,1,6,3,1,1,2,0,4,9,9,4,8,5,6,0,2,7,2,2,1,5,2,5,0,5
Surskit,8,7,1,8,8,6,4,10,6,5,5,9,1,0,6,3,6,9,6,3,10,6,1,7,0
Masquerain,1,6,1,4,6,5,10,2,7,1,5,10,10,4,6,4,4,9,3,9,4,6,6,9,5
Shroomish,0,9,5,0,8,2,6,1,0,2,3,4,2,1,3,1,9,2,7,6,7,9,10,7,2
Breloom,4,5,0,7,3,6,5,3,8,0,3,5,2,9,2,5,10,10,6,7,8,5,9,4,8
Slakoth,1,8,0,0,9,9,0,6,10,0,10,8,9,3,10,0,6,5,4,8,6,3,8,9,9
Vigoroth,8,9,6,10,3,3,7,9,4,6,10,5,2,3,1,6,5,4,9,10,6,10,3,4,0
Slaking,1,4,5,4,9,5,2,6,6,1,2,6,5,0,9,6,5,10,10,2,10,10,5,0,5
Nincada,1,5,6,10,1,7,1,1,2,9,1,6,2,0,9,1,9,2,0,9,1,1,2,3,6
Ninjask,10,2,7,7,0,5,8,1,10,2,6,4,4,5,5,8,10,5,8,5,6,9,6,2,1
Shedinja,2,0,1,0,3,4,9,3,8,8,0,1,2,8,4,4,7,9,9,5,5,7,7,7,6
Whismur,1,7,10,1,4,3,9,2,2,5,7,7,3,0,10,0,0,3,4,3,9,2,2,5,6
Loudred,10,7,7,10,2,7,4,10,10,7,2,8,10,10,1,7,0,10,7,0,10,10,9,1,9
Exploud,8,5,0,6,2,8,1,4,1,3,6,7,1,3,6,8,5,10,7,0,4,6,1,5,5
Makuhita,6,2,7,4,3,8,7,0,5,1,2,6,5,1,10,10,5,6,9,3,9,1,3,7,9
Hariyama,2,2,2,1,8,1,4,2,10,1,5,6,3,10,0,6,1,0,9,4,10,0,3,9,0
Azurill,2,7,8,3,4,2,2,5,2,1,4,10,4,8,9,1,5,8,3,4,2,9,0,3,5
Nosepass,4,7,9,5,9,10,6,1,3,0,7,3,3,10,10,2,9,3,10,4,10,10,2,4,10
Skitty,10,7,4,0,8,10,7,9,4,7,0,6,5,8,6,5,5,9,9,0,10,8,9,5,8
Delcatty,4,6,6,0,9,8,7,3,1,4,1,1,3,10,2,9,3,2,7,4,5,5,1,8,6
Sableye,5,0,8,5,2,1,9,0,9,5,3,6,8,3,7,4,0,6,6,9,3,5,8,1,7
Mega Sableye,10,10,1,0,3,6,8,4,8,7,4,5,9,2,6,1,10,8,6,3,10,8,1,3,2
Mawile,10,9,6,7,1,7,7,1,1,8,9,8,3,6,8,8,6,4,7,2,9,7,0,4,10
Mega Mawile,8,9,10,9,3,2,8,9,6,1,1,3,8,4,9,6,0,1,0,4,8,6,5,7,5
Aron,7,7,3,8,8,10,4,3,5,4,3,6,10,0,7,6,0,6,1,3,6,2,7,0,4
Lairon,7,6,7,4,4,9,2,3,8,3,2,0,3,7,4,8,4,2,4,4,7,3,4,2,6
Aggron,3,0,9,7,4,8,8,0,3,8,1,7,1,2,9,4,0,9,0,8,1,3,6,0,3
Mega Aggron,0,7,9,5,10,0,5,6,8,7,7,6,8,2,6,0,7,8,7,9,9,2,2,6,7
Meditite,5,8,4,7,8,4,10,3,8,3,9,9,10,2,4,6,8,7,7,7,6,9,9,8,0
Medicham,7,2,1,3,6,7,4,9,0,0,4,6,4,3,4,9,9,10,7,6,8,9,3,5,7
Mega Medicham,10,4,7,3,4,7,7,6,6,9,8,0,7,3,5,10,1,6,6,5,1,3,3,4,3
Electrike,7,1,3,7,4,6,7,8,4,2,8,1,1,5,8,0,1,7,3,10,8,0,0,5,10
Manectric,4,5,8,7,0,0,2,1,7,6,9,9,10,7,8,4,1,10,8,0,10,2,2,4,6
Mega Manectric,2,1,3,2,1,8,1,8,3,8,6,4,10,9,2,0,1,8,5,9,1,1,6,4,9
Plusle,3,7,4,6,1,1,2,4,3,4,10,6,7,2,1,10,9,9,9,9,7,9,6,0,6
Minun,7,10,0,7,8,8,6,0,4,4,9,1,8,7,10,10,1,2,5,10,1,1,6,9,5
Volbeat,3,10,9,7,8,2,6,2,5,6,5,10,9,2,9,9,3,9,7,10,3,4,5,1,7
Illumise,8,0,2,5,5,7,4,8,7,8,8,0,10,9,1,1,3,6,9,9,4,4,6,3,6
Roselia,10,2,10,8,8,5,6,1,6,1,4,6,8,8,3,10,6,0,0,9,0,2,10,1,6
Gulpin,9,2,4,4,6,8,0,2,10,1,8,5,6,2,10,10,6,0,8,6,1,1,7,9,0
Swalot,5,0,6,9,6,6,6,1,2,3,0,4,7,5,6,9,7,5,4,3,6,9,10,8,10
Carvanha,4,1,5,4,4,4,9,2,8,7,8,10,8,6,9,4,8,6,3,9,2,3,4,1,7
Sharpedo,7,4,3,3,9,2,6,9,7,5,5,7,2,7,5,8,6,3,4,2,10,4,4,0,5
Mega Sharpedo,4,6,7,8,2,3,10,6,2,6,0,4,2,5,5,0,5,9,0,7,1,4,0,1,1
Wailmer,8,1,3,9,0,0,8,7,2,10,7,6,8,0,6,10,3,2,5,0,10,6,3,8,5
Wailord,4,2,5,7,4,1,6,9,8,4,2,4,9,9,10,2,7,7,7,2,1,1,9,1,5
Numel,3,5,6,9,4,3,8,7,2,3,1,9,4,6,1,10,7,10,8,6,0,9,7,3,8
Camerupt,8,1,8,9,9,3,2,2,2,0,1,1,1,1,9,2,2,10,1,0,5,6,6,2,9
Mega Camerupt,10,9,9,4,5,4,0,8,3,10,8,9,9,8,9,7,7,6,0,8,2,6,9,7,7
Torkoal,9,6,1,1,1,10,4,7,10,8,7,1,10,7,7,7,6,8,0,8,0,10,1,8,0
Spoink,1,6,10,7,0,7,6,4,0,4,7,6,10,10,1,0,4,4,8,5,5,4,0,4,10
Grumpig,2,3,5,10,7,1,8,5,1,8,10,3,7,5,3,6,6,9,8,3,6,9,4,7,5
Spinda,10,7,0,2,4,2,9,0,6,10,2,9,6,0,0,7,6,6,10,4,7,9,4,4,5
Trapinch,5,3,2,3,8,6,0,7,1,4,8,3,5,7,8,9,10,1,9,2,8,5,3,0,0
Vibrava,9,9,10,9,0,6,4,8,5,10,4,2,8,6,0,7,0,6,3,1,2,5,9,4,1
Flygon,1,7,8,2,4,7,10,7,7,1,1,8,10,6,7,7,0,4,5,2,3,0,5,9,0
Cacnea,5,5,5,1,8,2,5,0,2,4,3,4,10,10,2,2,3,10,6,10,10,0,8,4,10
Cacturne,4,5,9,8,6,5,5,9,8,9,2,1,7,8,0,9,2,5,4,1,5,7,5,4,10
Swablu,9,0,7,6,6,7,7,10,3,1,5,0,2,9,6,6,7,10,4,5,9,3,8,7,7
Altaria,9,1,6,9,10,9,0,10,5,0,2,8,1,9,10,8,8,0,5,5,10,0,1,0,5
Mega Altaria,10,1,0,2,7,2,2,4,6,3,0,1,8,8,10,3,8,3,1,9,9,8,1,0,5
Zangoose,10,1,5,2,8,4,8,7,9,3,7,8,9,3,10,8,8,0,5,5,0,4,3,7,10
Seviper,8,6,10,8,4,10,5,0,3,0,1,9,10,5,10,7,1,8,2,8,0,2,2,6,4
Lunatone,10,6,0,9,8,7,3,9,6,3,6,5,1,10,8,10,5,2,5,2,10,1,5,2,2
Solrock,1,10,2,8,3,0,9,5,2,6,6,7,9,2,3,0,3,6,5,5,9,8,10,0,0
Barboach,3,0,0,7,10,4,8,10,2,5,7,0,6,5,7,0,4,6,5,9,3,8,0,2,2
Whiscash,8,10,0,9,0,1,7,6,7,9,4,9,10,9,3,4,8,10,6,0,10,10,0,3,8
Corphish,7,2,3,1,4,10,2,3,2,8,0,3,2,0,0,8,10,9,6,1,9,7,9,8,6
Crawdaunt,9,5,9,5,10,2,2,10,8,10,10,9,1,0,3,9,0,7,7,7,2,8,6,2,2
Baltoy,8,8,3,1,6,8,6,2,3,1,1,10,5,3,1,3,8,2,5,4,10,4,6,6,3
Claydol,0,7,6,8,0,7,4,1,1,1,7,3,1,2,7,7,3,5,9,6,4,10,2,8,2
Lileep,6,10,8,5,4,3,3,6,1,6,6,3,4,10,3,9,6,6,9,10,6,6,5,10,3
Cradily,2,7,9,6,1,4,5,6,0,3,4,1,0,8,3,3,8,8,4,9,10,3,9,7,2
Anorith,5,10,8,0,8,8,8,9,0,6,9,3,5,3,3,7,10,10,6,7,4,1,7,7,9
Armaldo,2,5,8,9,8,1,6,7,8,10,4,4,8,10,7,3,5,8,6,1,10,3,2,8,7
Feebas,8,4,8,0,4,7,4,9,8,1,5,10,10,0,5,9,5,4,6,9,7,7,9,0,6
Milotic,2,5,9,5,3,0,1,6,7,6,2,9,8,3,0,9,10,0,1,2,8,8,9,7,3
Castform,7,2,0,4,10,2,3,10,1,7,0,6,9,9,10,10,3,7,2,1,5,5,5,3,9
Kecleon,10,6,9,5,1,2,3,3,0,0,2,10,9,0,2,3,7,4,8,6,9,9,8,3,7
Shuppet,9,9,4,9,3,5,8,8,1,5,5,8,9,7,1,6,6,3,4,6,8,6,7,6,3
Banette,10,7,9,6,6,2,4,9,4,1,5,9,2,10,1,5,7,9,10,9,3,2,3,8,7
Mega Banette,2,8,8,4,2,9,5,2,0,6,6,3,9,4,4,4,8,10,4,10,7,2,7,5,3
Duskull,10,4,0,10,10,7,3,8,0,10,9,7,7,10,0,8,8,9,3,9,8,0,7,0,7
Dusclops,0,6,3,10,4,1,1,4,5,8,7,5,1,6,9,5,7,2,1,7,10,5,9,5,0
Tropius,9,9,9,3,8,10,10,7,0,7,7,8,1,10,5,2,9,4,4,2,1,3,0,5,0
Chimecho,9,9,2,10,3,6,2,3,1,5,0,7,4,8,1,7,4,10,6,6,4,5,4,3,6
Absol,10,7,10,8,1,3,3,10,0,8,9,9,6,10,2,0,2,7,9,7,7,0,7,9,7
Mega Absol,8,3,4,7,6,8,6,8,10,2,4,6,8,4,8,0,2,1,5,7,8,10,1,9,7
Wynaut,6,4,0,3,8,3,6,7,10,0,7,10,0,2,3,8,6,2,2,5,0,8,2,6,4
Snorunt,3,3,4,0,6,0,4,9,5,4,4,4,7,1,8,10,3,7,7,5,1,8,4,4,10
Glalie,10,7,5,0,9,2,5,8,1,2,6,10,0,9,2,10,8,6,6,0,1,1,1,4,5
Mega Glalie,1,7,8,5,1,1,3,4,0,10,6,1,7,0,10,9,0,0,4,9,10,0,7,5,9
Spheal,2,7,10,1,7,6,10,7,8,0,10,10,1,7,7,5,1,0,7,2,4,10,5,10,2
Sealeo,8,6,5,2,5,8,3,10,2,5,0,10,1,7,2,3,8,5,4,1,2,9,3,5,9
Walrein,8,5,10,3,1,0,4,3,2,2,2,2,3,4,0,6,5,5,0,1,9,9,6,5,10
Clamperl,6,0,8,0,6,4,5,8,4,1,9,6,2,10,2,2,8,5,0,5,10,1,10,7,1
Huntail,2,9,7,9,3,9,1,6,0,2,8,1,9,3,1,1,7,10,6,6,0,7,7,4,5
Gorebyss,0,4,7,7,6,6,8,1,7,3,2,1,7,5,10,5,7,6,4,3,0,3,6,10,1
Relicanth,1,1,7,0,5,5,10,0,3,5,3,2,3,8,5,6,7,10,0,3,0,0,3,3,6
Luvdisc,10,10,4,2,10,6,9,6,0,1,5,2,5,0,6,3,3,9,10,5,3,1,7,7,4
Bagon,5,2,10,10,10,1,0,6,7,3,1,3,4,2,7,2,2,2,7,1,1,3,2,1,9
Shelgon,7,1,0,3,10,3,8,2,8,2,5,3,1,0,5,3,2,6,8,9,6,5,7,7,10
Salamence,1,10,10,5,9,9,6,3,0,6,3,3,8,3,2,2,0,7,7,5,0,10,7,0,10
Mega Salamence,2,8,3,9,7,6,6,4,6,3,7,4,0,5,4,0,9,0,6,1,5,8,3,5,5
Beldum,5,6,7,3,4,4,0,0,4,1,7,10,10,8,8,5,9,0,9,4,2,3,0,7,3
Metang,4,6,1,2,3,2,6,9,2,4,7,3,8,1,9,5,3,4,2,10,5,9,3,6,4
Metagross,10,3,8,5,2,0,6,7,3,3,10,5,1,8,8,0,6,2,0,7,9,5,8,3,7
Mega Metagross,10,7,7,6,9,8,9,4,4,5,8,1,5,7,0,6,8,7,3,1,6,0,0,10,1
Regirock,3,9,9,3,3,9,5,5,3,6,0,8,0,9,1,0,9,0,9,5,7,7,4,9,0
Regice,5,0,1,3,7,5,4,5,2,7,0,1,0,4,0,2,1,9,3,10,7,4,0,9,10
Registeel,6,0,4,9,5,1,10,9,10,8,8,6,2,9,6,0,1,2,4,6,1,5,9,10,10
Latias,10,6,10,3,0,1,3,7,9,8,0,5,10,3,7,3,10,1,8,10,4,2,3,8,2
Mega Latias,6,10,3,8,3,3,6,2,2,10,3,1,5,8,9,4,0,2,7,10,6,8,2,6,3
Latios,0,0,1,3,2,0,5,7,8,3,10,9,0,6,10,4,2,0,2,0,1,7,9,3,7
Mega Latios,2,4,3,2,2,5,10,5,8,3,2,3,6,2,10,10,4,9,3,4,8,0,5,5,8
Kyogre,4,6,9,6,8,3,5,7,6,2,9,6,5,5,6,5,4,7,6,5,5,4,5,1,1
Primal Kyogre,6,1,4,9,9,4,10,6,7,1,9,7,6,1,5,8,4,10,10,2,0,4,1,8,2
Groudon,7,8,4,6,4,2,4,5,4,0,6,0,10,0,7,6,3,2,9,2,4,6,7,2,8
Primal Groudon,3,0,8,0,0,0,6,2,5,4,6,7,9,3,5,3,5,7,1,4,9,2,7,4,6
Rayquaza,3,0,3,2,2,10,0,2,7,1,10,0,8,6,6,3,8,2,10,8,7,6,6,1,9
Mega Rayquaza,3,10,1,4,5,4,6,2,0,9,6,2,4,4,7,2,6,5,7,8,2,3,9,2,5
Jirachi,4,8,7,1,1,3,5,0,7,3,5,7,8,8,6,8,10,8,1,6,2,1,3,7,6
Deoxys Normal Forme,10,1,5,10,10,0,0,9,1,0,4,4,9,10,7,1,6,7,6,4,6,1,1,4,5
Deoxys Attack Forme,6,6,0,4,5,5,5,3,3,6,5,1,4,5,5,8,5,10,8,3,3,2,5,6,10
Deoxys Defense Forme,0,10,5,8,9,9,9,5,7,4,4,0,9,5,10,2,8,6,3,5,4,2,0,2,4
Deoxys Speed Forme,3,8,4,8,5,5,1,10,5,3,4,1,4,8,2,8,7,7,2,9,6,0,3,9,6
Turtwig,8,3,9,0,8,8,8,0,3,6,4,2,3,2,9,8,10,7,0,2,5,9,2,0,2
Grotle,6,6,1,6,5,1,8,3,8,0,10,6,10,9,1,9,5,4,0,8,9,6,6,0,6
Torterra,4,4,8,0,6,6,10,8,9,9,6,4,9,0,2,2,10,2,3,5,0,10,1,1,4
Chimchar,7,8,4,5,4,2,3,8,2,10,7,9,3,2,2,2,8,7,2,8,2,6,7,1,8
Monferno,10,2,1,4,3,7,3,3,5,6,6,4,1,10,8,3,10,2,3,2,8,6,4,4,4
Infernape,5,0,10,4,8,9,9,0,4,8,0,8,10,4,4,1,5,0,6,2,5,1,6,1,2
Piplup,6,7,0,9,4,2,8,8,6,6,2,10,3,7,1,8,3,6,2,4,1,4,0,3,5
Prinplup,2,2,2,4,2,5,6,6,3,8,2,5,4,7,7,6,3,0,9,1,7,2,10,3,1
Empoleon,1,8,2,0,9,10,0,3,0,7,1,9,2,2,1,9,4,9,9,10,6,0,7,1,7
Starly,4,1,1,3,2,4,8,8,1,9,10,3,0,6,10,2,5,9,6,10,0,2,2,4,7
Staravia,3,10,7,0,5,9,9,10,1,10,5,2,2,4,5,1,6,9,9,4,5,1,4,4,10
Staraptor,5,10,0,4,0,10,1,4,0,1,10,8,1,6,6,5,5,9,1,5,1,10,2,10,7
Bidoof,10,0,3,6,0,1,3,8,3,1,3,3,7,5,4,10,3,3,1,7,3,5,10,0,6
Bibarel,2,0,3,5,1,4,4,7,9,10,1,8,10,1,6,9,0,4,10,8,8,7,3,9,3
Kricketot,4,5,6,1,10,3,5,4,6,4,0,10,8,2,5,3,3,6,3,1,6,4,9,2,5
Kricketune,9,10,1,6,3,5,4,3,0,10,0,9,3,2,3,3,0,10,9,1,1,2,5,1,10
Shinx,1,0,10,5,4,7,0,9,1,10,9,0,4,9,9,8,5,9,8,5,2,6,3,7,6
Luxio,0,5,7,6,0,7,6,3,5,0,0,1,2,4,10,4,7,10,3,4,2,6,2,8,5
Luxray,5,7,8,8,4,9,0,1,0,0,2,5,6,9,0,8,2,1,6,8,9,0,2,2,1
Budew,9,4,8,9,7,1,8,0,8,6,8,6,4,2,5,5,0,1,1,2,4,8,8,2,10
Roserade,6,0,1,7,10,8,1,4,0,7,3,10,9,1,10,7,4,8,5,2,6,5,10,5,3
Cranidos,10,2,0,2,6,6,9,5,5,10,6,7,0,3,2,7,2,8,5,4,5,3,8,2,1
Rampardos,5,3,7,8,6,7,0,8,9,6,5,3,10,1,6,3,6,4,10,7,8,9,0,6,7
Shieldon,2,2,2,5,3,6,3,2,5,3,5,6,3,8,7,7,7,1,10,4,3,10,3,10,3
Bastiodon,2,6,8,9,5,1,9,5,1,8,3,6,9,8,8,5,5,1,9,5,7,3,5,6,10
Burmy,3,3,7,1,3,9,10,2,6,10,4,10,4,4,2,8,4,7,2,2,2,0,9,2,1
Wormadam Plant Cloak,5,2,9,3,5,4,6,3,8,5,10,2,9,6,5,6,4,0,2,2,3,10,9,0,7
Wormadam Sandy Cloak,5,6,8,1,3,2,6,9,3,9,7,6,4,7,6,9,2,3,8,0,0,10,10,3,2
WormadamTrash Cloak,8,2,6,6,6,1,4,0,8,5,3,2,5,2,5,1,7,0,1,8,2,9,3,5,3
Mothim,6,9,3,8,6,5,6,5,6,7,10,5,1,3,8,2,1,7,8,10,3,0,10,10,8
Combee,4,0,0,3,5,5,4,6,3,7,0,1,1,7,10,3,10,10,6,0,10,5,2,4,4
Vespiquen,0,7,6,10,5,7,2,7,10,2,7,10,9,10,1,1,5,1,0,10,1,8,3,8,4
Pachirisu,0,7,0,4,9,9,2,3,0,9,0,2,5,4,7,6,6,4,4,10,0,2,7,7,8
Buizel,3,6,6,7,10,5,10,2,10,7,0,2,5,1,3,6,10,5,9,0,5,6,5,8,4
Floatzel,0,6,0,4,0,0,9,8,1,1,0,2,4,10,7,3,1,2,1,7,2,4,9,3,0
Cherubi,2,4,6,2,1,10,1,10,6,1,5,0,4,1,2,5,1,8,4,10,2,2,0,7,4
Cherrim,6,2,6,2,1,7,4,4,4,9,0,5,0,0,8,8,5,9,10,1,9,2,0,9,8
Shellos,6,4,1,2,9,0,7,7,2,1,7,0,1,2,8,10,7,1,7,7,8,5,4,5,0
Gastrodon,7,9,4,0,10,6,3,1,5,8,0,1,3,3,9,10,8,3,8,0,2,2,0,6,0
Ambipom,3,9,6,6,0,1,4,2,2,9,7,2,10,5,8,0,0,0,1,1,1,7,8,3,7
Drifloon,3,4,0,8,2,0,0,10,2,9,4,4,8,6,2,9,7,7,3,5,9,5,0,5,5
Drifblim,2,8,0,1,4,5,7,2,6,0,1,0,3,1,1,2,10,10,8,6,7,7,5,5,2
Buneary,6,1,10,10,4,1,2,1,0,3,0,9,2,7,8,5,10,1,5,1,1,10,2,3,9
Lopunny,3,6,0,5,6,4,9,4,0,0,2,0,2,6,0,6,8,10,7,1,9,1,0,3,5
Mega Lopunny,10,0,6,5,3,0,2,0,5,3,10,1,4,2,8,8,6,7,8,2,7,6,6,5,10
Mismagius,10,8,3,1,2,3,6,2,5,0,3,8,8,6,3,9,10,10,5,1,0,2,10,9,9
Honchkrow,1,8,8,2,1,10,7,4,6,1,6,9,7,9,5,2,4,8,3,8,4,8,7,9,1
Glameow,5,3,7,8,1,1,1,5,8,0,9,0,3,6,1,0,2,7,8,8,8,0,1,2,5
Purugly,8,2,4,7,2,2,5,2,1,5,8,10,4,0,10,9,4,4,0,0,4,3,2,6,10
Chingling,6,4,0,5,4,7,3,1,2,1,9,3,3,1,2,9,5,8,0,8,4,5,1,1,9
Stunky,3,4,2,9,10,3,0,3,8,8,7,10,10,2,4,3,8,1,4,2,4,4,1,8,4
Skuntank,3,8,6,3,3,9,7,8,5,9,7,8,4,9,7,0,2,7,9,7,4,10,5,3,5
Bronzor,3,5,3,5,9,10,1,0,2,0,6,8,4,3,1,9,10,3,4,4,8,1,9,2,5
Bronzong,7,5,1,6,0,8,0,7,9,6,2,8,0,3,5,1,10,5,0,8,0,3,3,10,8
Bonsly,10,3,4,7,1,10,5,9,7,3,7,5,7,7,5,6,4,1,6,0,5,3,0,0,7
Mime Jr.,1,4,0,8,2,3,2,5,2,5,2,5,2,0,0,0,2,0,5,5,3,7,5,0,9
Happiny,10,9,3,4,4,3,7,7,3,7,8,1,1,1,7,9,4,4,6,2,4,9,0,9,4
Chatot,10,5,6,3,1,7,1,2,8,10,7,5,1,9,1,1,1,7,2,1,6,5,0,9,9
Spiritomb,4,4,5,5,10,4,7,4,5,8,1,4,2,10,6,8,3,4,5,7,4,2,0,7,10
Gible,4,3,6,1,3,8,10,1,3,7,10,5,2,6,10,5,1,5,7,6,10,1,5,10,5
Gabite,7,2,1,1,6,7,9,6,8,1,9,8,6,5,10,7,7,6,9,5,8,3,5,3,8
Garchomp,6,6,4,10,0,6,9,3,9,4,9,5,8,0,0,9,3,3,5,5,1,4,8,10,2
Mega Garchomp,10,2,1,9,4,8,6,4,6,3,9,1,8,0,4,4,4,4,4,8,2,3,9,6,8
Munchlax,7,9,10,1,6,5,10,7,2,10,0,6,1,0,9,8,1,7,5,7,8,6,7,8,1
Riolu,4,5,8,8,0,9,6,6,1,6,6,4,3,5,5,6,7,1,5,1,7,2,5,0,6
Lucario,5,3,3,10,2,1,9,9,6,5,1,7,9,0,8,1,3,7,8,5,3,9,7,2,6
Mega Lucario,8,8,4,6,4,0,9,3,7,1,9,6,10,9,9,8,3,9,5,7,1,2,7,7,1
Hippopotas,1,8,2,9,6,10,9,2,2,5,5,0,8,8,8,5,1,9,8,3,6,10,9,2,4
Hippowdon,0,9,9,3,3,0,9,7,4,10,3,6,10,5,8,5,5,8,7,0,9,2,3,2,8
Skorupi,6,1,9,3,3,0,4,0,3,4,8,6,10,9,8,9,8,7,9,3,1,9,1,0,3
Drapion,1,9,4,6,6,1,3,3,7,6,3,7,3,0,3,6,2,2,8,8,6,6,5,1,9
Croagunk,0,1,6,10,7,2,5,7,6,2,2,9,8,8,5,5,9,0,10,5,5,7,6,0,3
Toxicroak,3,10,6,10,3,5,7,9,10,1,6,5,6,3,3,5,6,3,8,2,8,4,3,7,6
Carnivine,6,0,6,1,0,0,0,1,9,10,6,1,10,6,0,7,2,0,6,1,3,8,4,1,1
Finneon,8,6,10,3,2,10,7,4,8,4,2,0,9,0,6,1,10,4,10,1,9,8,1,6,1
Lumineon,6,3,6,2,3,8,3,4,8,2,9,8,9,3,0,9,4,3,5,8,10,7,9,7,1
Mantyke,8,8,6,9,7,5,0,4,1,4,7,2,4,4,6,7,9,3,6,9,0,6,7,6,3
Snover,2,9,7,4,7,0,5,7,9,3,7,4,5,7,7,8,4,0,7,8,2,5,3,5,3
Abomasnow,4,0,8,8,4,2,10,7,5,7,6,10,10,10,4,1,9,7,5,3,6,8,6,8,5
Mega Abomasnow,8,1,0,1,1,6,6,1,6,2,10,1,8,1,9,10,2,10,8,9,10,3,8,3,7
Weavile,10,2,10,2,10,8,3,3,8,8,0,2,8,6,6,3,4,10,4,1,3,1,6,4,8
Magnezone,2,10,8,6,7,4,5,10,0,2,7,2,2,3,3,4,8,3,5,8,7,9,1,7,5
Lickilicky,7,0,10,10,2,1,3,0,1,5,1,10,0,3,5,3,6,4,6,10,3,5,6,1,7
Rhyperior,10,1,2,3,9,4,1,6,3,3,6,7,7,0,7,4,8,10,4,4,5,5,1,8,9
Tangrowth,10,4,1,1,6,7,6,7,4,5,1,10,4,4,4,10,2,2,0,5,8,5,10,7,3
Electivire,4,9,7,0,7,0,4,0,5,5,4,10,10,4,7,6,4,2,4,5,4,3,8,9,7
Magmortar,5,8,0,10,10,6,5,1,8,8,1,8,5,5,7,9,1,7,9,9,4,5,7,10,0
Togekiss,7,2,6,1,2,9,8,2,7,0,10,10,1,6,2,7,4,8,9,6,4,7,5,0,9
Yanmega,3,7,9,1,0,9,3,7,3,4,3,4,1,3,4,1,2,3,9,9,5,0,3,0,5
Leafeon,1,0,9,6,4,1,7,8,5,0,6,1,2,0,4,7,10,2,3,8,9,0,0,8,3
Glaceon,3,2,9,3,9,6,0,3,5,10,9,6,5,0,9,5,7,10,10,8,10,4,5,7,6
Gliscor,7,8,0,4,2,8,1,9,9,4,7,6,10,2,9,2,4,3,6,0,2,1,3,2,6
Mamoswine,8,8,9,0,3,2,7,7,2,7,10,5,3,9,5,1,9,4,8,0,1,8,2,4,10
Porygon-Z,3,1,10,6,6,8,1,1,6,0,2,8,10,4,9,2,5,9,0,9,10,5,8,9,0
Gallade,0,2,10,3,7,2,8,6,2,5,2,10,9,6,10,1,9,5,0,0,7,6,5,9,5
Mega Gallade,5,5,10,3,5,6,4,6,9,3,8,3,0,6,10,0,10,6,3,7,7,0,5,5,4
Probopass,4,7,5,1,4,6,9,5,4,5,10,9,1,10,8,2,2,2,8,5,2,0,1,8,5
Dusknoir,1,1,10,4,8,1,10,7,9,6,1,0,5,7,10,10,4,1,9,2,9,6,10,4,7
Froslass,3,3,5,2,7,10,4,0,8,1,1,2,3,2,10,9,1,6,3,4,5,8,6,8,2
Rotom,9,5,2,9,7,10,6,6,1,5,6,4,7,6,2,8,10,6,8,1,7,1,1,4,4
Rotom Heat Rotom,1,4,0,8,0,4,9,4,9,9,5,9,5,10,3,7,2,5,1,4,8,1,10,6,1
Rotom Wash Rotom,5,8,8,2,4,10,2,2,7,3,4,7,7,2,1,5,9,5,0,4,6,9,3,6,3
Rotom Frost Rotom,1,3,1,6,1,8,8,8,8,10,2,1,9,0,4,3,6,3,1,5,1,5,0,5,7
Rotom Fan Rotom,1,1,9,0,8,5,5,8,2,2,0,8,4,0,8,6,10,8,9,8,6,5,0,10,3
Rotom Mow Rotom,4,7,3,4,3,2,2,4,4,6,3,0,10,7,1,9,2,2,9,0,9,3,3,10,1
Uxie,10,9,1,6,7,6,10,7,8,8,9,6,9,1,0,1,1,4,3,6,7,0,10,1,2
Mesprit,2,2,8,4,0,6,3,5,4,10,10,9,3,7,6,0,3,1,7,5,1,3,1,3,5
Azelf,3,8,8,4,4,7,6,4,1,1,7,8,5,7,8,2,5,2,10,1,2,1,10,7,10
Dialga,0,9,5,7,2,4,10,4,8,8,7,3,0,6,3,5,7,9,8,4,6,3,0,10,8
Palkia,6,4,6,10,7,1,2,2,10,10,6,5,7,1,2,0,8,3,6,7,7,8,4,2,5
Heatran,4,10,5,8,10,2,8,9,2,10,3,6,2,3,1,7,6,4,8,2,4,9,9,0,0
Regigigas,10,8,7,7,5,1,3,6,5,1,6,7,7,2,3,6,10,9,2,6,1,9,6,3,10
Giratina Altered Forme,8,1,7,1,8,2,6,10,10,4,1,10,2,2,4,4,8,2,7,3,4,5,8,5,8
Giratina Origin Forme,0,2,0,9,2,10,7,3,2,7,6,4,0,3,6,8,4,10,8,1,1,4,5,9,3
Cresselia,7,10,4,3,7,0,4,6,2,5,1,2,6,2,2,10,8,2,5,10,9,3,4,5,8
Phione,3,10,1,1,1,4,7,1,6,0,7,9,2,7,7,4,5,4,3,7,2,7,4,4,7
Manaphy,4,0,5,0,10,6,10,5,2,3,10,1,10,9,0,3,1,1,3,6,8,0,5,3,3
Darkrai,2,9,1,1,7,0,6,0,9,3,4,9,10,4,3,6,0,6,1,4,6,1,0,5,9
Shaymin Land Forme,2,5,3,6,0,8,1,6,5,10,8,2,6,2,5,10,6,5,8,10,4,6,1,2,8
Shaymin Sky Forme,4,1,0,5,4,10,9,7,9,9,9,0,7,4,5,1,6,10,6,10,7,9,9,3,7
Arceus,3,5,9,0,6,0,0,5,10,8,7,8,0,6,6,0,9,4,9,1,4,3,10,1,4
Victini,6,4,3,6,6,0,2,10,5,3,5,2,6,7,2,10,7,4,7,3,2,2,10,8,1
Snivy,7,5,4,2,0,6,9,5,1,0,4,5,7,3,5,4,3,9,6,3,1,0,3,2,4
Servine,6,5,9,7,1,5,2,7,1,10,8,6,9,7,1,9,10,10,4,1,5,2,6,0,4
Serperior,10,5,10,6,1,4,5,7,2,10,4,8,2,3,10,10,6,5,7,10,3,8,4,10,5
Tepig,4,2,3,4,4,8,5,10,2,5,1,4,3,3,3,5,5,7,6,1,9,9,2,7,2
Pignite,3,7,9,2,7,10,5,1,10,5,8,3,4,3,8,1,6,7,6,4,2,4,8,7,2
Emboar,1,4,2,0,5,5,10,8,2,2,1,6,5,3,5,8,3,7,1,7,3,2,4,3,10
Oshawott,4,6,9,2,4,1,7,6,3,4,9,3,7,3,1,0,8,2,7,1,7,10,4,5,9
Dewott,2,2,9,7,4,3,0,8,3,1,3,10,5,6,10,7,9,5,2,1,3,4,2,9,8
Samurott,8,1,0,8,3,1,4,4,9,5,2,3,10,6,0,0,3,4,6,0,1,10,1,10,7
Patrat,3,9,1,2,0,6,1,0,7,3,3,1,0,0,6,3,6,7,5,8,1,2,5,6,2
Watchog,2,8,1,5,3,1,1,7,3,7,3,9,7,6,3,7,8,1,5,0,2,0,10,5,6
Lillipup,1,9,1,10,6,4,5,5,3,1,5,2,0,2,7,7,7,8,10,4,5,0,3,1,3
Herdier,10,3,3,0,9,4,8,0,4,5,10,10,9,2,3,10,7,2,8,5,5,8,7,6,2
Stoutland,9,9,2,6,3,9,6,0,7,9,3,4,3,8,1,6,10,6,1,2,4,10,4,9,6
Purrloin,0,4,8,5,10,9,10,4,0,9,10,3,7,5,3,3,8,3,2,0,10,7,10,4,0
Liepard,6,1,1,6,10,0,3,0,9,9,9,7,8,6,1,0,9,10,3,7,8,8,6,4,3
Pansage,4,7,2,10,1,6,10,4,6,9,2,8,0,4,1,2,9,9,4,5,8,7,5,9,5
Simisage,8,3,8,7,8,8,1,5,4,9,10,9,1,10,8,4,7,8,2,7,6,9,9,10,9
Pansear,10,1,8,9,4,9,9,7,3,5,0,0,4,4,0,10,5,5,4,3,2,10,5,4,1
Simisear,5,7,6,5,10,5,10,7,6,7,7,1,5,10,7,6,5,8,5,3,9,4,0,8,2
Panpour,1,6,1,0,10,6,5,8,1,10,1,3,4,3,0,0,4,4,1,4,1,7,5,4,1
Simipour,7,10,8,3,8,2,4,9,4,3,7,2,4,2,9,9,1,9,6,9,9,9,10,0,6
Munna,8,9,4,2,6,5,6,7,2,6,9,9,4,7,10,8,6,4,8,5,3,6,1,0,4
Musharna,7,7,5,4,2,10,8,3,5,2,0,6,8,7,1,9,9,7,7,9,7,1,9,7,4
Pidove,10,0,6,7,7,1,7,3,10,0,3,10,5,6,0,2,5,4,1,7,4,4,2,4,8
Tranquill,3,7,1,4,3,3,5,7,6,6,3,10,8,5,3,2,1,3,10,6,9,3,2,6,5
Unfezant,1,9,5,6,2,2,2,10,1,6,10,0,1,2,0,8,5,8,0,10,6,8,8,6,9
Blitzle,8,6,4,9,10,2,2,4,0,5,4,0,6,0,0,3,1,10,1,7,1,7,0,0,7
Zebstrika,4,5,3,8,10,10,7,9,10,4,5,1,3,2,3,0,5,9,2,2,7,1,1,5,2
Roggenrola,6,5,1,0,10,3,3,10,8,9,10,6,0,8,7,6,2,3,1,1,0,2,7,4,2
Boldore,8,8,8,6,2,8,5,9,9,1,0,3,0,1,8,1,4,7,3,5,10,2,4,3,7
Gigalith,9,9,0,5,8,5,3,10,2,10,3,2,10,6,8,6,4,5,0,1,9,4,7,9,0
Woobat,3,3,7,10,8,3,0,5,9,7,10,0,4,10,7,4,4,9,8,10,2,1,2,4,5
Swoobat,6,0,8,1,0,0,3,2,10,9,6,4,10,2,4,9,0,6,9,6,9,9,0,6,10
Drilbur,9,4,9,3,9,9,4,3,7,6,4,6,1,0,2,1,9,6,10,0,9,8,3,5,7
Excadrill,5,3,1,0,4,5,2,5,5,7,5,10,10,5,2,0,10,3,4,7,0,8,7,6,2
Audino,4,10,10,7,8,7,3,3,1,1,3,7,5,6,0,5,2,10,6,3,5,8,8,3,6
Mega Audino,9,7,0,1,7,4,2,1,3,1,4,2,9,10,5,8,0,2,4,4,2,7,7,3,9
Timburr,7,10,7,8,0,3,7,6,5,1,10,7,2,9,2,9,7,3,4,9,2,1,0,8,4
Gurdurr,8,1,1,8,1,6,4,0,5,0,3,8,4,4,7,6,1,10,8,4,0,4,10,9,8
Conkeldurr,3,8,9,2,4,8,7,3,10,2,3,10,1,9,9,7,8,7,9,9,1,4,5,6,5
Tympole,9,7,0,0,4,1,1,7,5,0,2,7,7,1,8,0,8,2,0,4,5,1,6,9,7
Palpitoad,1,5,10,7,3,0,10,10,3,8,7,5,2,5,6,2,8,0,6,7,6,1,5,7,0
Seismitoad,7,3,9,6,1,1,6,6,0,4,1,10,1,10,3,7,5,2,8,7,0,9,5,9,4
Throh,5,8,7,6,5,0,7,8,0,3,4,7,4,3,5,1,6,3,4,9,4,6,1,5,0
Sawk,10,4,1,9,4,10,4,2,5,5,3,10,8,7,2,6,10,10,1,7,9,1,5,0,10
Sewaddle,6,0,5,8,0,10,4,9,9,3,7,8,2,3,8,7,6,7,2,2,2,2,10,5,3
Swadloon,0,6,7,0,8,9,1,5,2,3,7,9,5,4,2,3,3,10,2,9,6,6,2,9,9
Leavanny,2,2,4,4,3,5,1,0,6,1,7,6,0,8,9,10,4,4,4,10,6,0,8,2,8
Venipede,8,4,7,9,10,1,5,6,8,7,6,0,0,2,1,0,0,2,0,9,4,10,4,0,0
Whirlipede,4,8,0,3,0,9,3,8,1,0,9,7,5,0,3,1,7,5,4,9,6,0,2,7,10
Scolipede,4,5,0,4,4,7,7,9,2,2,0,7,7,6,7,2,4,0,4,3,4,6,9,1,7
Cottonee,8,8,7,0,3,9,2,3,10,10,7,1,4,10,4,8,5,10,5,10,6,2,1,2,4
Whimsicott,6,4,5,3,6,9,4,9,0,5,1,5,10,1,0,3,6,8,9,1,7,6,4,2,3
Petilil,7,3,0,4,10,1,10,9,9,10,1,3,3,5,4,7,7,3,7,6,8,5,5,6,3
Lilligant,3,3,2,5,1,1,0,5,0,0,3,6,4,4,9,3,0,4,3,3,6,8,2,2,10
Basculin,3,3,2,3,0,7,0,2,2,1,6,10,7,8,9,7,7,8,6,7,7,2,0,9,1
Sandile,6,9,5,1,5,6,7,3,7,6,1,10,5,9,0,3,3,4,8,8,1,5,9,4,4
Krokorok,7,9,4,3,2,6,8,6,8,6,3,9,1,6,5,3,1,10,4,9,0,8,9,5,4
Krookodile,4,4,1,5,5,8,7,9,6,2,10,0,1,7,2,9,3,9,7,6,0,10,1,1,5
Darumaka,10,1,7,9,7,4,9,9,10,2,6,6,3,9,6,5,5,2,0,10,5,6,7,5,1
Darmanitan Standard Mode,8,10,5,8,10,5,7,2,10,7,3,0,1,4,4,10,7,8,2,7,7,4,1,10,0
Darmanitan Zen Mode,5,3,8,3,10,2,3,9,4,4,1,3,10,8,10,8,10,7,5,10,7,3,9,4,8
Maractus,9,1,10,0,7,3,3,1,3,4,4,0,5,10,2,9,2,5,3,7,9,4,8,7,4
Dwebble,8,4,2,1,2,4,2,2,4,0,8,0,4,0,0,0,0,1,2,6,10,2,4,3,5
Crustle,8,9,8,3,10,9,1,4,4,4,8,10,0,2,6,10,8,10,8,6,4,0,10,2,3
Scraggy,7,0,4,9,5,3,10,2,2,6,2,6,4,4,8,9,8,10,3,8,8,0,7,8,1
Scrafty,8,5,6,10,0,2,2,0,3,2,9,6,7,6,10,4,0,1,9,3,8,6,9,8,5
Sigilyph,2,2,6,3,0,2,2,7,10,0,5,8,2,0,7,9,2,10,4,1,7,0,1,3,10
Yamask,9,0,3,4,9,5,0,10,5,1,3,10,4,6,0,8,10,10,0,3,5,8,3,2,9
Cofagrigus,4,8,5,9,4,3,2,1,6,10,0,0,6,0,8,5,6,2,5,2,3,2,9,6,4
Tirtouga,7,1,1,9,7,3,5,4,6,5,6,7,5,4,8,0,2,9,6,6,7,5,1,2,3
Carracosta,0,3,3,4,7,6,5,5,2,0,3,2,3,10,6,0,10,0,0,8,8,9,10,9,8
Archen,9,5,9,10,9,1,3,10,4,10,5,7,9,3,4,0,8,8,6,0,3,2,4,10,8
Archeops,8,7,0,1,8,2,6,0,7,8,7,9,3,2,8,7,9,6,5,4,5,3,2,5,2
Trubbish,3,4,3,5,10,4,7,6,6,7,7,3,6,6,9,4,0,7,10,1,0,9,4,4,2
Garbodor,0,2,3,2,6,3,2,0,6,7,6,10,2,9,3,10,6,3,7,5,9,7,1,9,2
Zorua,3,7,2,8,7,1,4,9,7,3,0,2,3,4,0,1,8,7,7,9,3,8,6,4,0
Zoroark,6,2,8,8,7,6,7,1,7,8,2,9,2,2,5,4,7,7,2,2,8,10,4,5,0
Minccino,8,2,3,10,9,1,6,1,8,5,7,4,7,2,0,7,7,8,5,0,5,7,4,9,6
Cinccino,7,6,2,4,4,10,10,5,9,2,5,0,4,1,5,6,8,8,2,8,8,3,0,10,7
Gothita,6,4,10,5,1,1,10,4,5,2,3,9,6,8,2,2,3,2,3,0,8,7,0,3,4
Gothorita,0,9,2,7,4,1,6,10,10,6,0,4,7,9,4,4,2,1,5,3,2,0,0,4,5
Gothitelle,0,0,2,2,8,8,0,6,9,5,6,9,5,1,9,7,1,3,0,4,3,4,8,0,3
Solosis,4,2,4,4,5,5,6,6,6,1,5,0,10,10,9,2,2,3,10,7,1,8,5,0,3
Duosion,8,8,5,4,0,1,2,7,3,4,4,9,8,3,2,5,7,7,6,10,3,6,1,8,0
Reuniclus,6,7,2,3,2,8,4,9,4,6,5,7,1,6,4,6,0,0,7,10,9,7,5,8,6
Ducklett,5,6,10,2,0,5,4,3,4,10,0,3,2,1,4,0,8,7,2,4,0,2,10,4,9
Swanna,8,5,1,2,4,3,10,10,4,7,3,1,1,9,10,1,3,4,3,4,7,8,2,9,1
Vanillite,6,1,2,2,8,5,1,8,6,2,7,1,4,4,10,1,7,4,10,8,10,2,8,2,1
Vanillish,2,7,6,0,3,9,0,8,3,9,6,8,1,8,3,10,9,2,9,3,7,3,5,8,6
Vanilluxe,7,0,0,8,9,6,3,8,0,7,9,10,4,8,9,2,3,6,1,8,4,10,7,4,10
Deerling,4,7,3,2,3,6,2,10,2,10,3,1,6,3,0,4,9,9,6,6,9,9,7,6,3
Sawsbuck,3,7,1,1,2,9,6,0,6,10,10,9,7,0,7,3,9,4,10,9,6,0,7,3,8
Emolga,2,3,9,8,10,1,8,6,2,7,5,1,2,2,7,8,7,6,3,6,5,5,10,9,8
Karrablast,7,1,3,3,5,8,1,3,2,7,7,9,7,1,3,6,5,9,8,6,8,3,5,10,2
Escavalier,1,9,3,9,0,1,1,2,7,1,8,1,2,3,1,9,1,9,9,9,9,9,5,0,3
Foongus,4,10,1,5,9,5,4,1,10,6,1,8,3,5,7,8,9,0,6,10,1,1,9,5,7
Amoonguss,6,6,6,9,3,0,6,4,1,9,5,1,2,1,10,0,5,5,3,6,5,0,8,4,1
Frillish,9,10,1,4,5,4,5,0,10,4,5,2,2,2,7,7,9,6,5,9,6,8,8,7,2
Jellicent,1,6,6,2,5,0,4,6,3,1,6,9,2,0,9,0,2,2,2,2,7,0,6,3,4
Alomomola,6,1,4,5,10,1,5,4,5,3,10,10,2,7,0,6,1,4,0,4,7,7,3,4,10
Joltik,0,8,8,4,3,7,10,1,10,8,0,9,2,10,8,10,8,3,10,10,9,0,6,7,7
Galvantula,8,4,0,3,6,4,7,0,9,2,5,4,0,9,3,5,2,2,6,10,8,9,0,6,4
Ferroseed,3,9,10,7,5,4,4,6,6,2,5,4,5,1,0,2,4,6,2,8,9,2,10,6,7
Ferrothorn,3,7,8,3,3,10,5,1,4,5,8,6,0,0,0,7,6,3,2,7,7,8,0,9,5
Klink,0,1,5,5,3,10,10,8,4,10,7,10,1,4,10,0,10,0,6,0,10,3,7,8,0
Klang,7,7,3,10,7,7,4,2,4,7,8,0,6,6,1,8,0,7,2,0,3,10,1,0,1
Klinklang,5,8,5,4,2,2,7,10,6,0,9,7,6,2,5,7,1,0,8,0,5,6,10,2,0
Tynamo,5,1,5,5,7,2,9,3,5,5,6,7,2,5,0,9,6,4,9,6,6,5,10,6,2
Eelektrik,0,7,10,7,3,7,10,3,0,3,8,7,5,2,9,6,0,1,10,8,5,2,6,7,4
Eelektross,0,2,1,3,6,6,2,9,8,7,4,10,1,9,3,3,7,6,7,10,2,10,3,0,6
Elgyem,4,2,4,10,10,5,2,5,8,1,9,6,8,1,9,0,6,3,1,4,4,7,5,9,10
Beheeyem,5,8,5,0,0,6,5,3,9,0,8,4,7,3,8,9,7,8,8,3,4,6,0,6,1
Litwick,2,6,8,1,4,4,2,4,9,2,6,4,6,10,5,8,0,6,9,6,6,3,8,5,3
Lampent,0,2,10,9,8,5,10,8,6,3,2,1,1,6,5,0,9,7,1,1,0,8,4,2,6
Chandelure,1,8,7,8,6,6,10,5,10,9,6,6,7,8,3,1,7,7,10,5,3,1,0,0,1
Axew,6,10,4,10,6,5,7,6,10,9,1,2,0,0,2,4,8,1,4,0,9,7,2,7,4
Fraxure,8,3,7,3,6,1,7,3,4,3,2,5,1,9,8,0,6,1,3,6,0,7,4,10,10
Haxorus,4,0,10,2,10,4,3,1,0,5,6,4,2,8,5,10,0,4,7,0,5,5,2,4,2
Cubchoo,8,5,6,7,2,7,8,6,5,5,0,1,1,4,4,5,2,7,0,4,9,9,2,9,2
Beartic,8,8,4,2,6,5,6,1,8,7,0,2,10,10,3,1,7,9,5,3,4,5,10,3,3
Cryogonal,0,9,2,5,9,0,4,0,1,6,4,4,5,1,2,1,9,2,8,4,5,3,4,3,2
Shelmet,8,7,10,2,9,1,10,6,0,2,5,1,0,6,4,7,1,8,4,0,0,0,1,5,3
Accelgor,3,9,6,2,5,0,5,9,6,1,5,8,2,3,7,9,4,10,10,7,5,7,1,4,9
Stunfisk,9,1,10,5,4,9,2,7,10,1,10,8,5,1,3,3,3,10,9,7,3,2,9,4,10
Mienfoo,4,0,6,1,10,2,1,1,6,6,5,4,0,4,1,6,7,4,8,10,5,9,0,8,6
Mienshao,9,6,2,0,9,6,2,3,6,7,9,10,5,0,2,3,10,0,2,7,9,0,10,5,1
Druddigon,10,9,3,2,4,3,6,4,6,0,1,0,9,9,7,7,2,8,3,4,1,6,2,8,1
Golett,5,7,4,5,10,0,0,2,5,3,9,7,10,9,8,3,1,0,3,0,10,0,2,6,10
Golurk,6,5,1,7,9,2,9,10,7,8,1,8,4,7,7,3,2,5,9,2,4,4,3,8,9
Pawniard,0,2,0,10,3,2,7,3,8,3,3,10,8,10,6,10,1,5,5,5,0,10,5,5,3
Bisharp,10,7,8,2,1,10,5,3,1,10,5,7,5,1,1,4,6,4,0,4,2,2,4,7,1
Bouffalant,8,5,6,5,10,3,6,10,3,8,4,1,7,7,2,0,10,1,5,0,5,2,1,4,10
Rufflet,5,8,4,6,8,0,3,7,9,1,1,2,7,4,10,5,7,4,2,7,5,3,5,2,7
Braviary,3,3,0,1,7,4,3,8,5,3,9,9,6,8,10,8,8,7,5,3,5,9,2,9,1
Vullaby,5,5,6,9,7,2,1,10,8,8,0,7,8,3,2,6,3,2,5,6,2,7,4,3,2
Mandibuzz,8,5,7,6,5,9,4,8,5,9,9,6,6,1,4,7,0,7,5,0,2,3,3,9,10
Heatmor,9,6,7,7,9,1,9,4,4,5,3,9,4,0,9,5,1,8,6,8,2,4,6,0,2
Durant,5,7,0,3,1,2,10,10,8,7,9,2,4,9,3,4,2,5,9,0,5,3,6,0,5
Deino,10,2,8,6,8,10,3,5,1,10,2,5,1,2,8,7,1,6,10,0,9,8,2,4,9
Zweilous,5,1,2,9,0,6,10,3,9,10,2,8,3,4,9,3,2,4,0,9,1,4,10,8,6
Hydreigon,4,0,7,10,10,9,8,10,4,4,5,10,9,0,0,3,5,5,2,7,0,10,2,0,5
Larvesta,3,5,8,8,9,8,1,5,0,0,8,9,5,2,10,1,7,7,0,1,3,2,7,2,2
Volcarona,8,7,4,4,0,7,4,10,3,8,9,10,3,5,10,0,4,6,1,8,6,3,9,2,5
Cobalion,5,5,7,8,6,1,0,10,2,10,8,7,0,7,5,2,4,4,1,2,9,5,7,4,7
Terrakion,9,8,3,0,0,10,5,6,4,6,3,5,8,9,4,5,0,0,7,0,0,10,9,8,1
Virizion,9,7,9,8,10,3,1,5,5,1,7,8,1,10,2,6,1,0,1,2,7,3,10,4,1
Tornadus Incarnate Forme,6,5,4,0,4,3,0,5,0,8,10,4,6,5,10,10,8,6,8,8,3,7,3,2,0
Tornadus Therian Forme,0,7,5,0,4,9,8,7,0,6,1,1,9,9,2,3,10,10,1,0,8,7,4,2,7
Thundurus Incarnate Forme,1,2,8,8,5,9,7,3,0,10,1,4,10,5,5,3,3,0,2,0,1,7,3,6,3
Thundurus Therian Forme,8,10,9,10,8,6,4,4,6,9,5,5,7,6,2,1,8,6,10,4,1,10,2,6,8
Reshiram,4,2,8,2,8,9,3,9,3,8,10,5,7,5,7,7,0,0,8,6,0,0,3,10,9
Zekrom,1,1,6,10,0,2,9,1,2,0,4,2,0,1,6,7,7,2,8,6,7,7,4,2,5
Landorus Incarnate Forme,7,6,10,7,2,8,4,8,1,10,9,5,0,7,5,3,0,0,2,0,5,9,7,5,10
Landorus Therian Forme,5,0,6,1,2,9,1,3,2,3,0,8,7,5,4,8,7,0,7,8,3,4,8,0,5
Kyurem,2,10,9,2,9,2,6,1,3,5,0,2,10,2,9,9,7,5,8,7,3,6,5,5,4
Black Kyurem,8,1,1,6,5,7,7,0,8,1,10,6,2,6,2,4,4,4,5,4,8,8,1,10,1
White Kyurem,7,10,7,2,1,5,9,2,0,5,1,2,10,5,3,0,5,2,5,5,7,0,8,9,2
Keldeo Ordinary Forme,10,10,0,5,1,5,5,8,5,4,10,6,9,2,9,3,9,10,10,2,6,9,0,5,6
Keldeo Resolute Forme,9,1,6,0,8,2,1,1,8,3,10,8,10,1,7,10,4,0,7,10,8,0,9,5,1
Meloetta Aria Forme,6,2,9,10,5,6,9,10,10,6,2,9,4,7,6,5,7,3,4,2,0,10,10,9,2
Meloetta Pirouette Forme,1,1,2,3,10,7,4,7,6,5,6,6,0,1,3,0,4,9,5,9,5,8,0,3,9
Genesect,10,7,8,0,7,4,2,10,7,1,9,8,1,3,6,2,9,3,3,3,2,7,0,9,7
Chespin,10,1,8,2,5,6,3,8,10,1,6,5,5,7,8,5,1,0,1,4,8,5,9,10,8
Quilladin,2,1,2,8,5,7,1,10,5,2,0,6,10,10,1,10,4,10,4,3,5,6,10,4,4
Chesnaught,10,6,4,10,7,3,4,4,2,4,8,1,2,10,0,8,2,8,0,9,4,7,0,9,0
Fennekin,1,9,0,1,3,1,4,10,4,9,3,5,2,2,6,9,8,2,0,5,1,6,3,4,8
Braixen,10,1,7,10,3,4,4,6,0,9,6,9,1,2,7,5,2,7,8,4,5,5,0,0,8
Delphox,0,8,3,5,3,6,7,0,0,1,10,9,5,10,1,5,5,10,8,2,8,10,5,7,8
Froakie,6,0,4,3,8,7,1,0,2,5,5,7,10,2,6,3,2,2,3,6,10,7,2,4,9
Frogadier,7,0,1,8,9,4,1,1,6,9,2,5,1,6,9,10,10,3,4,10,1,7,3,3,1
Greninja,6,9,2,8,6,1,4,2,4,6,4,6,9,1,0,0,0,1,4,3,1,1,2,7,6
Bunnelby,0,4,0,9,5,6,9,10,10,7,6,2,6,7,8,1,9,4,7,10,2,5,9,9,2
Diggersby,3,2,9,2,3,7,6,8,7,9,4,1,10,1,1,5,6,7,5,8,7,2,6,1,6
Fletchling,1,10,5,0,2,1,2,8,1,1,9,7,2,8,9,1,0,2,6,7,1,10,1,7,8
Fletchinder,6,2,1,2,4,9,5,8,6,8,6,9,3,9,6,9,4,1,6,8,0,10,9,3,8
Talonflame,8,10,7,3,4,1,1,7,6,10,7,0,3,10,9,9,2,1,2,0,3,1,1,5,8
Scatterbug,10,9,0,2,5,4,6,6,9,7,7,3,2,10,7,5,0,3,10,1,7,10,3,1,10
Spewpa,9,6,8,7,5,1,7,10,1,5,8,5,8,1,6,9,9,3,1,1,3,10,5,9,7
Vivillon,1,5,7,6,3,3,7,2,7,7,4,1,2,10,1,4,0,7,9,5,4,5,0,4,4
Litleo,0,2,9,9,7,3,7,8,6,0,6,7,3,6,1,5,0,5,0,5,5,0,3,4,6
Pyroar,6,10,5,9,1,8,5,9,8,8,9,1,2,1,6,1,10,4,7,6,8,5,1,0,10
Flabebe,3,7,7,8,4,6,2,3,8,2,8,7,3,3,2,4,7,3,1,3,8,0,4,5,10
Floette,7,3,2,6,0,10,7,9,10,6,3,8,6,10,7,1,5,7,3,3,8,9,10,10,0
Florges,0,9,3,7,1,6,9,7,5,4,9,1,0,9,9,9,8,7,7,7,10,5,4,8,0
Skiddo,9,5,3,0,2,9,0,4,5,4,7,2,9,8,2,6,7,1,5,6,1,4,3,5,10
Gogoat,8,5,9,1,9,1,10,3,1,2,5,0,7,8,0,6,3,8,10,9,3,10,3,2,10
Pancham,9,10,3,6,2,8,2,5,2,5,8,0,5,4,8,2,9,8,3,7,10,6,9,4,8
Pangoro,2,4,1,9,0,4,1,3,10,2,0,6,9,3,8,4,6,8,5,10,7,6,6,10,0
Furfrou,10,4,3,10,3,0,4,4,5,0,0,9,3,2,10,5,1,6,6,1,1,6,5,2,1
Espurr,4,7,5,7,3,2,10,3,10,9,4,10,9,5,3,3,8,7,6,8,7,10,3,3,5
Meowstic Male,0,5,0,7,3,7,1,2,7,1,7,5,9,4,5,2,4,1,10,1,2,0,9,7,3
Meowstic Female,7,8,4,2,9,2,9,7,2,9,6,2,8,2,2,1,4,10,1,10,8,4,4,3,9
Honedge,6,6,8,6,2,9,7,4,1,3,9,6,7,8,2,4,6,2,10,4,1,8,1,4,6
Doublade,7,8,2,4,5,3,3,1,9,2,5,9,10,7,8,3,6,1,7,8,8,4,10,10,8
Aegislash Blade Forme,5,5,4,6,7,9,0,5,1,2,10,1,7,2,6,9,0,9,3,3,5,3,4,6,8
Aegislash Shield Forme,7,4,1,4,2,3,0,1,8,6,0,1,3,4,5,4,9,9,4,4,8,4,6,9,9
Spritzee,9,4,3,9,3,7,3,10,9,2,8,2,1,10,0,9,1,9,7,7,3,0,5,4,7
Aromatisse,9,2,2,3,3,3,1,2,3,2,10,7,4,9,4,2,7,7,4,3,2,3,5,5,2
Swirlix,8,2,6,3,8,3,10,1,8,2,10,0,2,5,1,2,6,3,1,4,9,5,0,4,2
Slurpuff,3,10,5,2,7,1,3,5,6,5,2,1,8,2,0,3,4,6,9,1,3,2,0,3,9
Inkay,10,1,5,7,5,1,4,6,5,5,4,3,9,5,0,7,4,4,5,10,9,8,9,4,5
Malamar,0,4,7,4,2,3,1,0,3,9,1,2,9,5,10,1,9,1,5,10,6,6,7,6,3
Binacle,2,7,3,9,6,3,5,8,2,8,4,5,3,3,8,7,6,10,8,9,9,6,10,9,10
Barbaracle,10,0,1,7,1,10,2,7,7,9,2,9,9,5,2,8,7,6,5,9,7,6,1,7,10
Skrelp,6,9,2,4,8,9,0,0,10,0,3,1,5,9,9,9,3,6,6,5,0,0,10,4,2
Dragalge,9,3,6,7,10,3,0,5,7,3,0,3,1,2,5,0,6,5,5,2,5,9,6,10,10
Clauncher,1,6,9,3,4,7,10,1,9,0,10,3,0,3,6,2,1,1,10,2,4,7,3,1,1
Clawitzer,4,1,1,3,1,4,2,8,4,0,6,8,5,7,1,4,10,4,3,6,3,7,10,5,2
Helioptile,6,5,10,7,7,7,10,5,3,10,10,6,6,3,3,9,0,2,4,7,10,2,2,7,0
Heliolisk,3,1,6,8,6,0,6,9,3,6,6,3,6,3,4,0,5,4,9,0,6,8,8,1,4
Tyrunt,1,6,3,6,10,2,5,9,7,5,3,8,3,9,5,4,2,1,8,2,0,6,10,6,5
Tyrantrum,6,5,6,0,5,7,7,1,7,0,6,7,8,9,7,1,10,5,0,7,5,2,1,0,0
Amaura,7,9,7,8,0,4,2,8,6,8,9,1,9,4,4,5,10,0,3,1,7,0,10,8,8
Aurorus,5,0,1,5,4,0,4,8,10,10,10,0,7,10,6,6,2,0,10,4,6,1,4,0,3
Sylveon,9,6,4,2,10,0,2,9,6,3,2,2,7,8,5,6,5,1,0,2,6,5,10,10,3
Hawlucha,6,3,3,6,7,7,1,10,3,1,1,4,2,9,5,1,10,8,1,1,5,1,4,2,9
Dedenne,9,5,4,2,7,10,0,4,10,9,3,8,6,3,8,8,3,0,1,3,6,8,5,8,0
Carbink,7,5,8,4,7,4,0,10,6,4,6,1,7,5,10,2,6,1,6,4,7,2,2,6,1
Goomy,10,2,5,10,10,10,2,0,1,2,5,3,10,2,10,10,6,1,4,0,8,10,5,0,4
Sliggoo,7,5,6,10,3,8,2,5,10,6,7,3,6,7,2,6,9,8,5,6,0,9,2,6,5
Goodra,8,8,3,9,7,2,10,5,10,4,1,10,1,4,10,0,2,2,1,9,3,1,2,10,8
Klefki,9,6,7,0,7,0,1,3,1,9,5,7,4,5,9,9,2,9,2,3,10,4,9,4,3
Phantump,2,3,1,0,8,0,0,1,9,3,3,9,8,4,3,4,1,10,4,8,7,1,3,10,4
Trevenant,4,5,3,5,6,4,0,7,10,9,10,8,10,8,1,1,6,9,9,3,9,2,3,4,6
Pumpkaboo Average Size,6,1,5,0,7,7,7,1,10,2,9,2,10,10,3,3,5,4,7,3,2,8,1,8,2
Pumpkaboo Small Size,0,2,0,3,10,0,7,0,0,5,5,6,7,3,10,9,7,5,0,4,0,9,8,4,9
Pumpkaboo Large Size,6,2,2,5,7,10,10,7,10,8,2,8,2,8,10,3,3,5,2,1,1,10,9,9,4
Pumpkaboo Super Size,10,3,3,4,5,8,5,4,3,1,2,0,2,3,3,6,2,2,3,7,3,2,4,10,5
Gourgeist Average Size,10,2,3,10,1,3,1,10,8,3,4,8,2,7,6,8,7,3,8,9,6,5,9,9,5
Gourgeist Small Size,6,8,3,8,2,3,2,0,2,6,3,9,2,7,10,9,7,6,0,0,7,1,10,1,0
Gourgeist Large Size,4,6,8,9,5,2,1,4,1,4,3,10,7,0,4,3,6,0,6,6,1,10,3,3,7
Gourgeist Super Size,2,6,2,7,6,8,10,8,2,1,9,4,6,10,10,6,10,3,6,9,5,10,1,0,5
Bergmite,4,4,10,3,4,8,7,1,1,0,5,8,1,5,1,7,0,7,10,5,1,4,10,8,8
Avalugg,6,2,0,5,2,1,9,4,5,9,1,10,6,8,3,6,4,8,2,6,0,4,7,3,5
Noibat,10,6,7,6,4,8,8,8,1,4,9,4,6,7,1,7,9,4,0,7,0,2,6,9,3
Noivern,0,1,8,6,4,7,6,3,10,7,3,0,3,5,4,4,2,8,6,9,1,10,9,1,7
Xerneas,10,3,7,7,4,4,1,5,8,1,4,6,1,8,8,10,4,2,2,0,2,10,6,4,5
Yveltal,3,7,3,6,0,7,1,4,10,0,10,8,1,6,10,0,10,10,1,10,6,3,4,7,1
Zygarde 50 Forme,4,4,5,1,7,0,2,9,9,10,2,3,8,2,6,7,7,0,0,0,4,10,3,5,6
Diancie,0,2,7,2,9,2,0,7,0,1,4,9,10,5,3,10,5,2,9,7,10,8,3,0,3
Mega Diancie,6,6,0,9,7,5,5,6,2,10,0,6,2,10,5,7,6,4,2,9,7,1,4,1,3
Hoopa Hoopa Confined,2,0,3,2,4,5,9,1,2,1,3,8,6,2,9,9,2,2,0,3,2,4,10,0,2
Hoopa Hoopa Unbound,6,9,0,8,2,0,8,5,0,10,7,4,2,3,5,7,5,10,5,7,7,3,4,5,10
Volcanion,3,4,0,0,2,1,8,0,10,8,1,5,7,5,4,7,7,0,4,7,0,5,2,9,0
